,0.0,0.02,0.04,0.06,0.08,0.1,0.12,0.14,0.16,0.18,0.2,0.22,0.24,0.26,0.28,0.3,0.32,0.34,0.36,0.38,0.4,0.42,0.44,0.46,0.48,0.5,0.52,0.54,0.56,0.58,0.6,0.62,0.64,0.66,0.68,0.7000000000000001,0.72,0.74,0.76,0.78,0.8,0.8200000000000001,0.84,0.86,0.88,0.9,0.92,0.9400000000000001,0.96,0.98,1.0
0.0,1.0,0.922231768175244,0.8781233868229779,0.84396552543449,0.8148976931775347,0.7890504142422963,0.7654931570388803,0.7436904407361791,0.7233039415211613,0.7041056246174211,0.6859344963964371,0.6686730337558537,0.6522334381365128,0.636549195216489,0.6215696869673046,0.607256655478156,0.5935818437087159,0.5805254170625798,0.5680749251264237,0.5562246535393442,0.54497527093595,0.534333710546943,0.524313248707324,0.5149337579633382,0.5062221234746769,0.4982128196720091,0.4909486507144293,0.48448166388759456,0.478874250158711,0.47420045099115604,0.4705474954694232,0.4680175969956818,0.4667300444670743,0.46682362909019925,0.46845945499652575,0.47182418975658763,0.4771338199308712,0.4846379871375609,0.49462499198311227,0.5074275668530357,0.5234295342864753,0.5430734856923771,0.5668696358678887,0.5954060335118192,0.6293603367779552,0.6695133860505647,0.7167648464341666,0.7721513576964507,0.8368670587164347,0.9122882007207784,1.0
0.05,1.0,0.9223878015209255,0.8783601391348278,0.8442590190868784,0.8152350359879106,0.7894231908350575,0.7658952854478958,0.7441172420350959,0.7237516615831927,0.7045711591235941,0.686415219470055,0.6691666844630659,0.6527380416060675,0.637063005618845,0.6220911449046211,0.6077843552121845,0.5941145072974576,0.5810618734597575,0.5686140929085848,0.5567655263171702,0.5455169047644592,0.5348752128231302,0.5248537681629272,0.5154724754430602,0.5067582432477924,0.4987455610653121,0.4914772398817515,0.48500532554892506,0.47939219915242365,0.4747118834874686,0.47105157969292144,0.46851346330013977,0.46721677459724686,0.46730024445294843,0.46892490374759266,0.47227733248897863,0.4775734137257486,0.4850626677110712,0.4950332536348411,0.507817739872672,0.5237997593805368,0.5434216850241077,0.5671934806420968,0.59570290696037,0.6296272882335034,0.6697470869905775,0.7169615661544212,0.7723067352286919,0.8369764786375837,0.9123459164488463,1.0
0.1,1.0,0.9225486594540555,0.8786042142513584,0.8445615936949901,0.815582820200349,0.7898075097545688,0.7663098695680104,0.7445572681439727,0.7242132597620896,0.7050511292702433,0.6869108546475493,0.6696756539009308,0.6532583093887698,0.6375927719079877,0.6226288020164237,0.6083284538361373,0.5946637298366328,0.581615012486782,0.5691700333609049,0.5573232304590805,0.5460753992094431,0.5354335770892814,0.5254111243570372,0.5160279787541361,0.5073110729901642,0.4992949120527232,0.4920223139419531,0.4855453230066364,0.4799263101193162,0.47523927880258593,0.4715714013566371,0.46902481424002795,0.4677187075954284,0.4677917500516964,0.4694048969332169,0.47274463793357574,0.47802674934212364,0.4855006262446297,0.4954542819750578,0.5082201157379503,0.5241815650328285,0.5437807775136781,0.5675274576164775,0.596009068143326,0.6299025956197221,0.6699881102202245,0.7171643950294004,0.7724670898455414,0.8370891584679302,0.9124055714159665,1.0
0.15000000000000002,1.0,0.9227144901619176,0.8788558373253919,0.8448735287765416,0.8159413675728481,0.7902037270951181,0.7667372941201831,0.7450109280168646,0.7246891657166321,0.7055459824988586,0.6874218646763985,0.6702004179849741,0.6537947286951212,0.6381389909278339,0.623183163290173,0.6088894631322413,0.5952300286714176,0.5821853559174287,0.5697432716327604,0.5578982935047836,0.5466512832716311,0.5360093329233849,0.5259858465972779,0.516600796113646,0.507881139027355,0.4998613962785558,0.49258439307173646,0.48610217217888785,0.48047709391534443,0.47578314190535115,0.47210745868712733,0.4695521404044833,0.46823632546764754,0.4682986183015754,0.4698998962955795,0.4732265559896266,0.47849426355925684,0.48595228499176135,0.49588848320085743,0.5086350829428263,0.5245753200665971,0.544151109794443,0.5678718897046501,0.5963248162380741,0.6301865205307275,0.6702366719975263,0.7173736259118535,0.7726323438291703,0.837205545229112,0.9124669508673035,1.0
0.2,1.0,0.9228854462860541,0.8791152403004864,0.8451951123100367,0.8163110096387923,0.7906122098100525,0.7671779556014992,0.7454786431727356,0.7251798223560288,0.7060561801010249,0.6879487266806885,0.6707414674702858,0.654347801982033,0.638702175125351,0.623754749627572,0.6094679110665819,0.5958139375620733,0.5827734421360181,0.5703343496459274,0.558491259896407,0.5472451029537815,0.5366030269757861,0.5265784813055332,0.5171914728669942,0.5084689847998283,0.500445554461221,0.4931640144535833,0.4866764058934052,0.4810450781812904,0.47634399439526476,0.4726602663567893,0.4700959486114995,0.46877012619794844,0.4688213373090122,0.47041037894199567,0.4737235515511485,0.47897640773862116,0.48641808034231704,0.49633627712456785,0.5090630428985577,0.5249814056247065,0.5445330409757059,0.568227110575404,0.5966504541045627,0.6304793437859006,0.6704930305582445,0.717589359608881,0.7728029076150256,0.8373253869063798,0.9125304096381973,1.0
0.25,1.0,0.9230616850465254,0.8793826621027032,0.8455266409767542,0.816692087990155,0.7910333360304236,0.7676322626351206,0.7459608480735171,0.7256856862434806,0.7065821976452997,0.6884919326093983,0.6712993084195087,0.6549180474389751,0.6392828530534378,0.6243440983628448,0.6100643423215195,0.5964160072292883,0.5833798266945172,0.5709438266623078,0.5591026915557338,0.5478574218463345,0.5372152235621674,0.5271895926171546,0.5178005720922525,0.509075171471315,0.5010479450044839,0.4937617328887425,0.4872685745010045,0.48163080795557955,0.4769223751132956,0.4732303560913622,0.47065676251076594,0.4693206243447996,0.4693604114594814,0.4709368379236873,0.47423610507949804,0.4794736483806481,0.48689846332786435,0.49679809767261834,0.5095044106612852,0.5254002157510707,0.5449269413977524,0.5685934654415808,0.5969863015916995,0.6307813437989208,0.6707574180572984,0.7178119141534056,0.7729786787705578,0.8374491943524518,0.9125956895625015,1.0
0.30000000000000004,1.0,0.9232433683686662,0.8796583488364768,0.8458684204082415,0.8170849545675263,0.7914674953917384,0.7681006363295907,0.7464579905127462,0.7262072280115384,0.7071245254170714,0.6890519896988225,0.6718744626861006,0.6555059994905035,0.6398815698912618,0.6249517637995112,0.6106793188475986,0.5970368059199809,0.5840050828910266,0.5715722798739211,0.5597331684845417,0.5484888217369475,0.5378465052811366,0.5278197630054644,0.5184286752304175,0.5097002785636547,0.501669144635694,0.4943781214376216,0.48787924651688286,0.4822348463151649,0.47751884078099843,0.47381827730578635,0.47123512321469285,0.46988835166599996,0.46991636203519094,0.4714797828426909,0.47476471319285485,0.4799864677043288,0.4873939002234858,0.4972743934473818,0.5099596152055772,0.5258321578260219,0.5453331949393588,0.5689713108009733,0.5973326823353411,0.631092822019035,0.6710301093435997,0.7180413921494277,0.7731601167622859,0.837576662485723,0.9126632010213771,1.0
0.35000000000000003,1.0,0.9234306630122783,0.8799425539845342,0.8462207654392873,0.8174899719569855,0.7919150893688898,0.768583510647635,0.746970532015006,0.7267449327895422,0.707683668871764,0.6896294209495901,0.6724674684134149,0.6561122093157984,0.6404988879827642,0.6255783177664616,0.6113134204358572,0.5976769199945466,0.5846498023707173,0.5722203050163073,0.5603832893892625,0.5491399032452158,0.5384974736578095,0.5284695939329903,0.5190763827430863,0.5103449046196749,0.5023097490726057,0.49501377208925507,0.48850900929139174,0.4828577750462094,0.4781339666696497,0.4744245977703392,0.47183158995999797,0.47047385777363904,0.47048972786103843,0.4720397404889815,0.475309889297089,0.48051536425765706,0.4879048731004114,0.4977656282928909,0.510429100251537,0.5262776531090299,0.5457521975363847,0.5693610159808996,0.5976899384731341,0.6314140748582127,0.6713113541538106,0.7182781390297267,0.7733470900419327,0.8377083760880346,0.9127326343353941,1.0
0.4,1.0,0.9236237407031921,0.8802355386117879,0.8465840003663286,0.8179075136938223,0.792376531619331,0.7690813327845967,0.7474989482463743,0.727299300643443,0.7082601491017828,0.6902247656187596,0.6730788805501696,0.6567372453858831,0.6411353873941106,0.6262243501941956,0.6119672453114771,0.5983369545365991,0.5853145957503634,0.5728885170065736,0.5610536723312838,0.5498112864839708,0.5391687498148505,0.5291397065309875,0.5197443147991729,0.5110096678957996,0.5029703737205454,0.4956692964616525,0.4891584697121513,0.4835001953464988,0.4787683473014216,0.4750499043088761,0.47244674080127064,0.47107771082162053,0.4710810659846809,0.4726172555085191,0.47587216423506074,0.48106085356021877,0.4884318804943123,0.4982722818971354,0.5109133245440041,0.5267371373322685,0.5461843598282334,0.5697629621121107,0.5980584161412037,0.6317454262419325,0.6716014448429999,0.7185222591803292,0.7735401136319167,0.8378439673750736,0.91280446492473,1.0
0.45,1.0,0.9238227782671096,0.8805375715731132,0.8469584592112267,0.8183379645730874,0.7928522483345414,0.7695945635566219,0.7480437294360938,0.7278708470283022,0.7088545033175871,0.6908385797274796,0.6737092713829048,0.6573816940192212,0.6417916664908776,0.6268904697121327,0.6126414107498024,0.5990175339863166,0.5860000932676722,0.5735775506073894,0.5617449554042921,0.5505036117486599,0.5398609751725671,0.5298307423089132,0.5204331119924172,0.5116952070862105,0.5036516544018096,0.4963453265349842,0.4898282549395126,0.48416272856160486,0.47942259718461055,0.4756948035314932,0.4730811733392738,0.47170049822717464,0.4716909523887882,0.4732128911070036,0.4764520869837642,0.48162346877404505,0.4889754380127309,0.49879485043881755,0.5114127627888978,0.5272110611750359,0.546630105438128,0.5701775446488196,0.5984384815388013,0.6320871918781126,0.6719006506801837,0.7187741278058757,0.7737390218110111,0.8379841068415965,0.912878321992146,1.0
0.5,1.0,0.9240279577656224,0.8808489297248856,0.847344485990315,0.818781720966928,0.7933426785998052,0.7701236777987085,0.7486053808096538,0.728460103253769,0.7094672853433003,0.6914714365847339,0.6743592310860496,0.658046159956432,0.6424683425358404,0.6275773042679593,0.6133365537157933,0.5997193027985885,0.5867069454567329,0.5742880611183498,0.5624577974401788,0.551217540236418,0.5405748121797647,0.530543363895662,0.5211434360915675,0.5124021820805236,0.5043542481193403,0.49704251541970446,0.4905190131775341,0.4848460169570611,0.4800973515852647,0.47635992260368126,0.4737355054857043,0.47234282742975153,0.47231998274219733,0.47382722978755176,0.47705022537222663,0.48220376141912535,0.489536079078287,0.49933384723102797,0.5119279059449366,0.5276998910638533,0.5470898739684432,0.5706051713499946,0.5988305052328065,0.6324397202210367,0.6722092824255724,0.7190338511592339,0.773944392577083,0.8381283526791563,0.9129547572022879,1.0
0.55,1.0,0.924239466634281,0.8811698981401388,0.8477424349886028,0.8192391911486449,0.7938482747623137,0.7706691647727053,0.7491844230334846,0.7290676169628305,0.7100990661272623,0.6921239273276947,0.675029368290254,0.658731266954902,0.6431660523082541,0.628285501770043,0.6140533315280772,0.6004429261272366,0.5874358238509586,0.5750207250962103,0.5631928787451297,0.5519537547965698,0.541310945077199,0.5312782558144922,0.5218759708252785,0.5131312747571093,0.5050788338568786,0.4977615381619058,0.49123141448282887,0.4855507245289182,0.4807932673376051,0.4770459100547676,0.4744103762675529,0.4730053266884808,0.4729687731879972,0.4744608741308155,0.47766716685417204,0.4828023021125157,0.49011435560044614,0.4998898034661248,0.5124592622776006,0.5282041095421935,0.5475641190553909,0.5710462660347072,0.5992348794320053,0.6328033477134696,0.6725276311460128,0.7193018367347586,0.7741560202391559,0.8382774748551475,0.913033327248436,1.0
0.6000000000000001,1.0,0.924457497822566,0.881500770327162,0.8481526710389811,0.8197107956233691,0.7943695028075644,0.7712315285853399,0.749781392671437,0.7296939526241386,0.7107504342679531,0.6927966614792418,0.6757203106696665,0.6594376584041063,0.6438854527455884,0.6290157307540026,0.6147924225488159,0.601189090536669,0.5881874217150314,0.57577624110562,0.5639509018676483,0.552712960714427,0.5420700806956193,0.532036125293749,0.5226314227039177,0.51388318981435,0.5058261134179889,0.49850309258836,0.49196615161381935,0.4862775378553371,0.4815110236959607,0.47775343662800374,0.47510644667323687,0.473688645922723,0.47363796117598017,0.47511444761230315,0.47830351930503123,0.48341968136851854,0.49071083880283173,0.5004632689016146,0.5130073576749377,0.5287242163352524,0.5480533117083062,0.5715012653060979,0.5996520013052579,0.6331784496226032,0.6728560269028762,0.7195781928837972,0.7743745542016399,0.8384309442363855,0.913114673279774,1.0
0.65,1.0,0.9246822499355886,0.8818418484513331,0.8485755698062399,0.8201969674652321,0.7949068427440171,0.7718112886163279,0.7503968426532218,0.7303396920381995,0.7114219965557107,0.6934902675232082,0.676432705548875,0.6601659979625083,0.6446272216087268,0.6297686810745968,0.6155545269007079,0.6019585047424318,0.5889624548074445,0.5765553305020988,0.5647325924003943,0.5534958865304009,0.5428529492905352,0.5328177031156428,0.5234105218806653,0.5146586556423247,0.5065968123065361,0.4992679001939374,0.49272394092316324,0.48702716699199594,0.48225132323107545,0.4784831961756673,0.47582440054401737,0.47439345759655754,0.47432820633783557,0.4757885954703236,0.4789599118808606,0.48405651041531933,0.49132611997143316,0.5010548127234751,0.5135727368251517,0.5292607285714528,0.5485579381722294,0.5719706238446979,0.600082291216494,0.6335653847342987,0.6731947851990557,0.719863362040961,0.7745997421768296,0.8385896463397309,0.9131982659608154,1.0
0.7000000000000001,1.0,0.9249139273773164,0.8821934435599348,0.8490115180756764,0.8206981526608581,0.7954607889959195,0.7724089799565885,0.7510313427549578,0.7310054348577261,0.7121143785306834,0.6942053934979571,0.6771672205302579,0.6609169702169482,0.6453920581717081,0.6305450646241761,0.6163403672125243,0.6027519003822177,0.5897616621753685,0.5773587382491344,0.565538699817867,0.5543032848966005,0.5436603054160276,0.533623744505527,0.5242140230544732,0.5154584252376062,0.5073916806514172,0.5000567070742951,0.493505523296347,0.48780034641445125,0.4830148927739436,0.47923590660188653,0.47656494551349915,0.4751204576531093,0.4750401914129042,0.4764839856147973,0.47963699590706643,0.4847134220936514,0.4919608113759621,0.5016650242752522,0.5141559635745422,0.5298141821805111,0.5490785035849826,0.5724548095697448,0.6005261753897788,0.6339645576722904,0.6735442562798928,0.7201574550962584,0.7748323145476375,0.8387529490823656,0.9132848515857085,1.0
0.75,1.0,0.9251527404950961,0.8825558758096729,0.8494609140460165,0.8212148104589744,0.7960318508041944,0.7730251538565764,0.7516854800919726,0.7316917991224348,0.7128282250574665,0.6949427076088885,0.6779245441425379,0.6616912813654809,0.6461806839371467,0.6313456160790079,0.6171506893946768,0.6035700328190081,0.5905858069836916,0.5781872337714207,0.5663699983521191,0.555135933473264,0.5444929288401016,0.5344550300643306,0.5250427064176764,0.5162832771640933,0.5082114941785858,0.5008702849069867,0.4943116651396791,0.48859783601070916,0.4838024844106037,0.48001231085722895,0.47732881399907523,0.4758703664991619,0.4757746232238462,0.47720130959653684,0.48033544583606647,0.485391071762046,0.4926155471098539,0.5022945140636392,0.5147576222309923,0.5303851319161852,0.5496155297096679,0.5729543108170725,0.6009841047139932,0.6343763513786319,0.6739047831632925,0.7204609521858075,0.7750719648751638,0.8389218723258549,0.9133737987354804,1.0
0.8,1.0,0.9253989057252014,0.8829294746965579,0.8499241676263377,0.8217474137258818,0.7966205526352291,0.7736603781846965,0.7523598596239698,0.7323994218085688,0.7135642009168713,0.6957028988605285,0.6787053865113573,0.6624896599246869,0.6469938433785531,0.6321710936748981,0.6179862634464293,0.604413681978154,0.5914356773802227,0.5790416118464149,0.5672272879088593,0.5559946358675585,0.545351625504285,0.5353123667469998,0.5258973786512682,0.5171340165630344,0.5090570552336615,0.5017094319844106,0.4951431594212399,0.48942042212772796,0.4846148765315468,0.4808131779881979,0.4781167642489744,0.47664393004756944,0.4765322337098602,0.477941283621627,0.48105596024288244,0.4860901383101736,0.4932909841163141,0.5029439145324996,0.5153783179907833,0.5309741531669371,0.5501695588540984,0.5734696295923892,0.601456537252766,0.6348012026675403,0.674276737136857,0.7207739674671122,0.7753195153758207,0.8390956626828068,0.9134659773922251,1.0
0.8500000000000001,1.0,0.9256526457391052,0.8833145792877686,0.8504017007366144,0.8222964493064843,0.7972274345973753,0.7743152378957442,0.7530551046726637,0.7331289593934237,0.7143229914152954,0.6964866777088463,0.6795104800527465,0.6633128574625287,0.6478323047108419,0.6330222800136096,0.6188478842964708,0.6052836532203234,0.5923120873992066,0.5799226935365667,0.5681113950264982,0.5568802226174927,0.5462372285304007,0.5361965888900659,0.5267788739711158,0.5180114762156744,0.5099291938587058,0.5025749743023096,0.4960008267685825,0.4902689186756898,0.4854528749398791,0.48163930424646384,0.4789295814490633,0.4774419208175119,0.47731378101869226,0.4787046496379654,0.4817992628960981,0.48681132516611003,0.4939878031395617,0.5036138812381344,0.516018678364827,0.5315818417232777,0.55074115157338,0.574001291022973,0.6019439570452516,0.6352395207000371,0.674660492332793,0.7210970216162091,0.7755745968745514,0.8392754963453004,0.9135606349741597,1.0
0.9,1.0,0.9259141895901255,0.8837115384550533,0.8508939476114556,0.8228624183905084,0.7978530528649033,0.7749903355092647,0.753771857451948,0.7338810884351317,0.7151053030121566,0.6972947767345008,0.6803405801903981,0.664161649357903,0.6486968606904051,0.6338999829016879,0.6197363726786975,0.6061807782524031,0.5932158779054568,0.5808313271647472,0.5690231738808829,0.5577935522239039,0.5471505992776862,0.5371085592916927,0.5276880552286665,0.5189165176622516,0.5108287689270418,0.5034677667078501,0.49688551662740255,0.49114416829443913,0.48631731402247314,0.4824915142615348,0.4797680788942431,0.4782651391019262,0.4781200506640675,0.4794921764720177,0.48256610387856125,0.48755536144321804,0.4947067098668728,0.5043050936714643,0.5166793537124994,0.5322088160904298,0.5513308907571477,0.5745498343211489,0.6024468571685987,0.6356917776386384,0.6750564419028301,0.7214302331788043,0.7758381357142883,0.839460477059271,0.9136587871314716,1.0
0.9500000000000001,1.0,0.9261837728600526,0.8841207111091686,0.851401355106536,0.8234458368834956,0.7984979801091134,0.775686291597693,0.7545107796106474,0.7346565061679633,0.7159118639658726,0.6981279513377159,0.681196466097702,0.6650368355880918,0.6495883294462224,0.634805036223431,0.6206525760451927,0.6071059160785879,0.5941479175815993,0.5817683893356251,0.5699635073387097,0.558735512233739,0.54809262845369,0.5380491703478646,0.5286258150699958,0.5198500323813842,0.5117566693403541,0.5043886941116793,0.4977981084856543,0.4920470435866501,0.48720905798911407,0.48337066228256975,0.4806330992287753,0.47911441420184075,0.4789518567529111,0.4803046610513916,0.4833572607886614,0.48832300306583265,0.4954484360156115,0.5050182566339545,0.5173610187799998,0.5328557169394984,0.5519393794521981,0.5751158249366941,0.6029657577303548,0.6361584112324553,0.6754649953058033,0.7217741662379442,0.7761096902614566,0.8396519630794163,0.9137595374280526,1.0
1.0,1.0,0.9264616378053114,0.8845424664347803,0.8519243830071428,0.824047235782061,0.7991628059362381,0.7764037452840795,0.7552725527878561,0.7354559311133766,0.7167434249988627,0.6989869804555368,0.6820789414655543,0.6659392415454066,0.6505075553435682,0.6357383008498363,0.621597369518528,0.6080599539940748,0.5951091039611189,0.5827347860059442,0.5709333080628316,0.5597070203781003,0.5490642372826813,0.5390193452486709,0.529593077157388,0.5208129430342493,0.5127138152926463,0.5053386727687228,0.49873951316812215,0.49297844842290595,0.4881290021845538,0.4842776334938004,0.48152551576196245,0.47999060573888297,0.47981004328684773,0.4811429296841064,0.48417354000809454,0.4891150340715067,0.496213740603226,0.5057541011139881,0.5180643733939513,0.533523210019901,0.5525672449720732,0.5756998428206372,0.6035011904541707,0.6366399325102947,0.6758865683313189,0.7221289453722408,0.7763903048836722,0.8398488899545902,0.9138640732659884,1.0
1.05,1.0,0.9267480335021574,0.8849771841251771,0.8524635043381891,0.8246671615528537,0.7998481373316999,0.7771433547491491,0.7560578791808368,0.7362801037070353,0.71760075998206,0.6998726673022244,0.6829888352970028,0.6668697188843855,0.6514554098819978,0.6367006655855254,0.6225716568856865,0.6090438086239589,0.5961003645101064,0.5837314536069043,0.5719335196729552,0.5607090257688403,0.5500663787356064,0.5400200392389931,0.5305907974579933,0.521806204778333,0.5137011596060707,0.5063186516329281,0.4997106742067415,0.49393931932414625,0.48907807447954255,0.48521334541022304,0.4824462338635882,0.48089460504566756,0.4806954855471105,0.48200783943933445,0.4850157780534642,0.4899322678754157,0.49700341120085,0.5065133858975425,0.5187901440914775,0.5342119852330504,0.5532151370533459,0.5763024977327059,0.6040537147716606,0.6371368105563873,0.6763216106976075,0.7224951808998588,0.7766794545210939,0.8400528281347518,0.9139713273442408,1.0
1.1,1.0,0.9270432159903395,0.885425254616068,0.8530192056749445,0.8253061765145497,0.8005545991102139,0.7779057977473915,0.7568674821254142,0.7371297869419953,0.7184846666394246,0.7007858401336012,0.6839270027298497,0.6678291464009987,0.6524327926293935,0.6376930481557624,0.6235763716360745,0.6100584270101392,0.5971226577608505,0.5847593602221158,0.5729651179655155,0.5617425101577913,0.5511000388259972,0.5410522409482746,0.5316199656045189,0.5228308066559542,0.5147196891440545,0.5073296137916123,0.5007125692926268,0.4949306269275814,0.490057236746541,0.48617874935904126,0.4833961924475747,0.4818273366471812,0.48160909156372056,0.482900279593409,0.4858848430175067,0.4907755487530348,0.49781826534393847,0.5072968985094659,0.519539085044603,0.5349227602472745,0.553883731777385,0.5769244143821564,0.6046239052272876,0.637649599182889,0.6767705615476437,0.7228730057692202,0.7769783172470713,0.8402625152129198,0.9140826898064952,1.0
1.1500000000000001,1.0,0.9273474484145966,0.8858870793176276,0.8535919874536377,0.8259648592221247,0.8012828343711451,0.778691772131801,0.7577021066887388,0.7380057670282343,0.7193959672729524,0.7017273530361655,0.6848943258883969,0.6688184309454087,0.6534406321939894,0.6387163962358565,0.6246124780462742,0.6111047877492627,0.5981769745006691,0.5858195068248777,0.5740291121968253,0.5628084892630798,0.5521662379765904,0.5421169737944542,0.5326816063333284,0.5238877730632342,0.5157704263076714,0.5083725779855806,0.5017462118160892,0.4959533775426359,0.49106748642747433,0.48717483205455125,0.4843763655482391,0.48278975983345035,0.4825518036848625,0.48382117319482776,0.48678163609465086,0.4916457532686144,0.4986591519907202,0.508105457095261,0.5203119797493074,0.5356562791379349,0.5545737303535222,0.5775662513543952,0.605212364224138,0.6381788020243746,0.6772339166359092,0.7232630792306817,0.7772862722575515,0.8404797691379076,0.9141968903052708,1.0
1.2000000000000002,1.0,0.9276610011632773,0.8863630708438692,0.8541823642809779,0.8266438048525395,0.802033504958423,0.7795019963868104,0.7585625202742556,0.7389088540686698,0.7203355095086696,0.7026980867418504,0.6858917147655799,0.669838508369927,0.6544798872364246,0.6397716885254078,0.6256809723144131,0.612183902184976,0.599264339019649,0.5869129285788492,0.5751265464339634,0.5639080141673494,0.5532660324618579,0.5432152974676009,0.5337767810058185,0.5249781653056701,0.5168544306216922,0.5094486002217544,0.5028126525017333,0.4970086148040891,0.49210985820019093,0.4882026172733343,0.4853877640001473,0.48378287033810996,0.48352460024192234,0.48477147870623466,0.4877070932273776,0.49254379196685644,0.4995269530871361,0.5089399114453337,0.5211096422741068,0.5364133168067912,0.5552858625625083,0.5782286827157198,0.60581971394042,0.6387250200336457,0.6777121391093908,0.7236655458445913,0.777604648981099,0.8407030945833553,0.9143155585886908,1.0
1.25,1.0,0.9279841520032865,0.8868536532382971,0.8547908652415157,0.8273436255908605,0.8028072919242257,0.7803372101688844,0.7594495132386407,0.7398398827517874,0.7213041670641169,0.7036989494693163,0.6869201081368123,0.6708903445139256,0.6555515475240179,0.6408599358700376,0.626782883747234,0.6132968156580291,0.6003858104212787,0.5880406962065243,0.5762585009782231,0.5650421727931396,0.5544005159320782,0.5443483094992682,0.5349065892194509,0.5261030832470535,0.5179728004173849,0.510558775485622,0.5039129811461068,0.49809742143033564,0.493185425752511,0.4892631676384875,0.4864314372258556,0.48480770212471813,0.4845284973352538,0.4857521917844644,0.48866218683387885,0.4934706109973692,0.5004225852772716,0.509801145185033,0.5219329189604818,0.5371946771464787,0.5560208865573167,0.578912421005363,0.6064466038560312,0.6392887951928247,0.6782057775210724,0.7240811162367182,0.7779327171058981,0.8409345983788762,0.9144371828821944,1.0
1.3,1.0,0.9283171862104734,0.8873592621946694,0.8554180342016307,0.8280649510156988,0.8036048959955198,0.7811981748541346,0.7603638995204112,0.7407997130609489,0.7223028405378038,0.7047308777927175,0.6879804745069353,0.6719749362275707,0.6566566350296249,0.6419821824334505,0.6279192760032077,0.6144446088180495,0.601542484000281,0.5892039174303032,0.5774260938663878,0.5662120914611242,0.5555708210251001,0.5455171469241284,0.5360721705154003,0.5272636670590473,0.5191266746197276,0.5117042395615647,0.5050483284663526,0.4992209210951907,0.4942953036717308,0.4903575865216534,0.48750847514560647,0.4858653292962203,0.485564550728808,0.48676434715387207,0.48964792769742294,0.4944271940476296,0.5013470016377825,0.5106900769109951,0.5227826901155936,0.5380011983566662,0.556779591440495,0.5796181949366819,0.6070937093491319,0.6398707804359031,0.6787153196077249,0.7245099509951723,0.7782719772224336,0.8411725111969985,0.9145636764425795,1.0
1.35,1.0,0.9286603966944719,0.8878803452715696,0.8560644301087881,0.8288084284827177,0.8044270380424181,0.7820856740922169,0.7613065172798251,0.7417892310004293,0.7233324582211373,0.7057948375389098,0.6890738130917484,0.6730933124363767,0.6577962050775997,0.6431395069228918,0.6290912483952892,0.6156283990011371,0.6027354926923225,0.5904037384913469,0.5786304824555311,0.5674189365374187,0.5567781210724799,0.5467229880410388,0.5372747061904026,0.5284610990794435,0.5203172346474306,0.5128861709697355,0.5062198680687848,0.500380280422835,0.4954406494602416,0.4914870200725842,0.4886200102132322,0.4869568681324889,0.4866338578903471,0.48780902063774906,0.49066536692990204,0.4954145642037756,0.5023011936975921,0.5116076627251283,0.5236598716594321,0.5388337506174795,0.5575627985900682,0.5803467768419137,0.6077617316212849,0.6404715606148373,0.6792413746284792,0.7249528141490864,0.7786215742247905,0.8414192772773136,0.9146932402450111,1.0
1.4000000000000001,1.0,0.9290140841168897,0.8884173620993255,0.8567306272845389,0.8295747235047896,0.8052744595471735,0.7830005143656594,0.7622782295496211,0.7428093493381609,0.7243939769332945,0.7068918247141124,0.6902011548356803,0.6742465352487125,0.6589713475395804,0.644333023871307,0.6302999372572193,0.6168493416777596,0.6039660086006671,0.591641345751873,0.5798728650975551,0.5686639161767022,0.5580236319072702,0.5479670542813124,0.5385154212210701,0.5296966057877996,0.5215457064349209,0.5141057930291294,0.5074288185474441,0.5015767111158034,0.49662266568666436,0.49265265938755276,0.48976721959586506,0.48808347927091766,0.48773756015619596,0.48888733130588086,0.4917155981492859,0.4964337861610716,0.5032861933595714,0.5125548975282036,0.5245654174122187,0.5396932423723062,0.5583713628683042,0.5810989561992145,0.6084514057047067,0.6410918460128716,0.6797844554417513,0.7254098882409247,0.7789832020143779,0.8416728050168728,0.9148281234143515,1.0
1.4500000000000002,1.0,0.9293785570016279,0.888970784577656,0.8574172157095593,0.8303645201272153,0.8061479230724693,0.7839435255536259,0.7632799248960285,0.7438610083651284,0.7254883828795228,0.7080228664610724,0.6913635634672624,0.6754357011085383,0.6601831880830148,0.6455638849797676,0.6315465173775786,0.618108631975813,0.6052352446052809,0.5929179673870151,0.5811544829102183,0.5699482821685198,0.5593086137814071,0.5492506121927105,0.5397955863097089,0.530971459908017,0.5228133625862836,0.5153643760571748,0.5086764457233415,0.5028114722276613,0.4978426022851812,0.49385574282728395,0.4909513275019599,0.48924637004026383,0.4888768450712694,0.49000044380029806,0.49279975972003515,0.4974859683722085,0.5043030752980853,0.5135328179288133,0.5255003206053088,0.5405806175391057,0.5592061761161696,0.5818755717998426,0.6091634898084319,0.6417322697787752,0.680345241245019,0.7258819921064029,0.7793558638355088,0.8419359330008183,0.9149661849030808,1.0
1.5,1.0,0.9297541318359663,0.8895410970622333,0.8581248012988288,0.8311785212962255,0.8070482127274969,0.7849155614989911,0.7643125180893964,0.7449451766712822,0.7266166925333248,0.7091890220478249,0.6925621365941459,0.6766619419958133,0.6614328894755619,0.6468332805240062,0.6328322035061593,0.6194075062841189,0.6065444560603581,0.5942348751729263,0.5824766216520023,0.5712733318947675,0.5606343734013353,0.5505749755484028,0.5411165200614834,0.532286982648237,0.5241215246721048,0.5166632397173818,0.509964065036339,0.5040858725920321,0.49910175901447984,0.49509755849908044,0.4921736076790403,0.490446796960496,0.49005294887281237,0.49114957080908345,0.4939190372720076,0.4985722655756483,0.5053529590901065,0.5145425037618742,0.5264656169476084,0.5414968627891499,0.5600681663601802,0.5826774809988226,0.6098987861180883,0.6423936054854105,0.6809242705245353,0.7263693381009754,0.7797414715628046,0.8422061906200176,0.9151100722329328,1.0
1.55,1.0,0.9301411331609127,0.890128796538157,0.8588540061648265,0.8320174492187614,0.8079761346301075,0.7859175005774339,0.7653769507836532,0.7460628519377765,0.7277799535429748,0.7103913838891813,0.6937980068395337,0.6779264266771758,0.662721652948747,0.6481424408292182,0.6341582519375852,0.6207472439420707,0.6078949425867681,0.5955933863783758,0.5838406137088246,0.572640410407099,0.5620022660913184,0.5519415075910226,0.5424795913036933,0.533644546089453,0.52547156568113,0.5180037555273794,0.5112930441025769,0.5054012734221113,0.5004014880912299,0.496379446914679,0.49343538608662973,0.49168606842706475,0.49126715918430375,0.49233597573740895,0.4950746662679535,0.49969388129627396,0.5064370120712346,0.5155850813946465,0.5274623858995033,0.5424430043934758,0.5609583042722286,0.5835055966756394,0.6106581159041136,0.6430765411348545,0.6815223031706918,0.7268728003765775,0.7801388683670687,0.842486877630425,0.9152572367826755,1.0
1.6,1.0,0.9305398936491426,0.8907343927781095,0.8596054688663838,0.8328820457113146,0.8089325173631318,0.7869502462670768,0.7664741922036827,0.74721506174525,0.7289792456627916,0.7116310786021269,0.6950723430219878,0.6792303620096966,0.6640507196245011,0.6494926378176147,0.6355259621775295,0.6221291690216383,0.6092880499664692,0.5969948657677367,0.5852478402013104,0.5740509126337703,0.563413698094725,0.5533516234228548,0.5438862215589159,0.5350455757352501,0.5268649126398511,0.5193873495411584,0.5126648054516321,0.5067590910944483,0.5017431970121862,0.49770280384281945,0.49473804376951747,0.4929655475877106,0.4925208178773133,0.49356097557068856,0.4962679349266279,0.5008520707364952,0.5075564517058458,0.5166617255685626,0.5284917547377934,0.5434201164619046,0.5618775995980725,0.5843608523719545,0.6114423572331478,0.6437819201467483,0.6821399038325673,0.727392631416843,0.7805502114136972,0.8427750777437656,0.9154107992522648,1.0
1.6500000000000001,1.0,0.9309507541686849,0.8913584084827182,0.8603798446405737,0.8337730725353288,0.8099182124227015,0.788014727717012,0.7676052398395592,0.7484028643977887,0.7302156817095693,0.7129092680963495,0.6963863513807078,0.6805749943006852,0.6654213720084974,0.6508851866335733,0.6369366786973185,0.6235546522084596,0.6107251721465665,0.5984407277239565,0.5866997332221278,0.5755062857263066,0.5648701290245306,0.5548067925542208,0.5453378876848676,0.5364915532362784,0.5283030494142466,0.5208155052202794,0.5140808294590304,0.5081608001341302,0.5031283515822602,0.4990690833689161,0.496083019939107,0.4942866554421881,0.49381532418368823,0.49482594395157187,0.49750018717954464,0.50204814371113,0.5087125489942622,0.5177736631100299,0.529554899477772,0.5444293176216992,0.5628271115450114,0.5852442438089963,0.6122524014197885,0.6445104933430889,0.682777925584875,0.7279297599642716,0.7809741638808566,0.8430746303487991,0.9155677248908541,1.0
1.7000000000000002,1.0,0.93137406383031,0.8920013794003904,0.8611778056147186,0.8346913117163942,0.8109340946561748,0.7891119003128245,0.7687711201464086,0.7496273497620956,0.7314904085445324,0.7142271507011686,0.6977412768484982,0.6819616107267633,0.6668349355545015,0.6523214473516349,0.6383917927832019,0.6250251127893376,0.6122077533613548,0.5999324385008742,0.5881977782137422,0.5770080315573209,0.5663730744753079,0.5563085416232334,0.5468361246950159,0.5379840193043188,0.5297875197094011,0.5222897665105968,0.5155426574909416,0.5096079364177613,0.5045584791662382,0.5004798011861504,0.4974718152911193,0.49565087416543735,0.49515213800731267,0.49613231450887846,0.49877282607157014,0.5032834679513054,0.5099066311236651,0.5189221752348326,0.5306530501896168,0.5454717800844423,0.5638079415081042,0.5861567904706584,0.6130892125790737,0.6452631812076827,0.6834369598965278,0.7284844920528419,0.7814131582893936,0.8433820951164691,0.9157316971476802,1.0
1.75,1.0,0.9318101800163627,0.8926638544235878,0.8620000409952898,0.8356375658441512,0.8119810626869598,0.790242746236993,0.7699728892484904,0.7508896401212877,0.7328046080811469,0.7155859623301809,0.6991384043747775,0.6833915408156304,0.6682927803042755,0.6538028267730086,0.6398927444870961,0.6265420207540864,0.6137372903814238,0.6014715186150748,0.5897435164978815,0.5785577093818501,0.5679241088101086,0.5578584573013385,0.5483825287753304,0.5395245768322187,0.5313199302840275,0.5238117411422315,0.5170518952800272,0.5111021006149066,0.506035172184026,0.5019365381314012,0.49890599557189563,0.4970597507009064,0.4965327835313219,0.4974815844132206,0.5000873171846641,0.5045594725763063,0.5111400855300281,0.5201086016506732,0.5317874914480725,0.5465487264939969,0.5648212485162611,0.5870995809890334,0.6139537601858548,0.6460408071081374,0.6841179674817011,0.7290578086242918,0.7818656565865675,0.8437019432241691,0.9158991008658531,1.0
1.8,1.0,0.9322594683885512,0.8933463956581926,0.8628472572301153,0.8366126583494673,0.8130600393232286,0.7914082750217745,0.7712116336458822,0.7521908910426018,0.7341594983190728,0.7169869776849831,0.7005790603011284,0.684866157994208,0.669796322607934,0.6553307803167288,0.641441024686183,0.6281068990203598,0.6153153348997037,0.6030595453883922,0.5913385479690332,0.5801569386757057,0.5695248681368825,0.5594581894003786,0.5499787605139466,0.5411148942375092,0.5329019543987688,0.5253831041725932,0.5186102165524022,0.5126449618877026,0.5075600918718808,0.5034409439966587,0.500387195423301,0.4985149006138254,0.49795885306714505,0.49887531826404785,0.5014451926008516,0.5058776518666721,0.5124143628906831,0.5213343435160708,0.532959569179845,0.547661439551917,0.5658682371943604,0.5880737322941,0.6148471062535671,0.646844376511949,0.6848215675575617,0.7296500865953708,0.7823343994725728,0.844030118200399,0.9160742897023934,1.0
1.85,1.0,0.9327223028719462,0.8940495784622678,0.8637201781399353,0.8376174337550869,0.8141719719471658,0.7926095240918867,0.7724884709219288,0.7535322922581549,0.7355563344044875,0.7184315114993794,0.7020646137920405,0.6863868812071081,0.6713470269300325,0.6569068140120902,0.6430381772593736,0.6297213257908478,0.6169434960652072,0.6046981556531739,0.5929845339654134,0.5818074021655858,0.5711770534904428,0.5611094541984215,0.5516265483621721,0.5427567090491932,0.5345353355186798,0.5270056017938425,0.5202193669287929,0.514238261873391,0.509134972332132,0.504994741630945,0.5019171225263552,0.5000180122720381,0.49943201124826897,0.5003151522116275,0.5028480548909255,0.5072395694007121,0.5137309819528071,0.5226008678939011,0.5341706905305074,0.5488112595616528,0.5669501795520523,0.5890804375420517,0.6157703079286845,0.6476747972493485,0.6855488451285034,0.7302623545128131,0.7828176254297963,0.8443718312818709,0.9162529547763006,1.0
1.9000000000000001,1.0,0.9331990656121656,0.894773991450126,0.8646195450149224,0.838652757895527,0.8153178328810081,0.7938475592939798,0.7738045504493594,0.7549150685577273,0.7369964097169448,0.7199209198255232,0.7035964783236568,0.6879551766096565,0.6729464077470803,0.6585324865995583,0.6446858013893283,0.6313869370530452,0.6186234431761763,0.6063890486334993,0.5946832003320781,0.583510849067051,0.5728824342374754,0.5628140380031846,0.5533276923469423,0.5444518317591065,0.5362218912925908,0.5286810554284713,0.5218811681236164,0.5158838189737593,0.5107616249001268,0.5065997313704538,0.5034975620729343,0.5015708513307846,0.5009539995231624,0.5018027985132896,0.5042975817374391,0.5086468623618716,0.5150915329578781,0.5239097116225305,0.5354223325345107,0.5499995941575442,0.5680683970139371,0.5901209247290985,0.616724538932159,0.6485331684338367,0.6863004485893547,0.730895082406623,0.7833184188122994,0.8447223016056098,0.916440249090454,1.0
1.9500000000000002,1.0,0.9336901469024143,0.8955202364572092,0.8655461166713252,0.8397195181015413,0.8164986197257201,0.7951234754095193,0.7751610540926969,0.756340480692364,0.7384810569828582,0.7214566013634887,0.7051761132335068,0.6895725593400095,0.6745960315426203,0.6602094117479209,0.6463855539994677,0.6331054292326843,0.6203569085453868,0.6081339890167601,0.5964363406921909,0.5852690985479629,0.5746428517237328,0.5645738009736987,0.5550840680568052,0.5462021499612018,0.5379635178338404,0.530411366138897,0.5235975224700603,0.517583532980867,0.5124419428536386,0.5082577958148431,0.5051303815983516,0.5031752656138808,0.502526641044913,0.5033400503286409,0.5057955306125523,0.5101012464965864,0.5164976833516596,0.5252624860454593,0.5367160413255188,0.5512279173213941,0.5692242899481414,0.5911965049679511,0.6177109553260487,0.6494204969994738,0.6870776063059478,0.7315493389667911,0.7838347719375623,0.8450876077004902,0.916631033607363,1.0
2.0,1.0,0.9341959450767193,0.8962889284608226,0.8665006694628914,0.8408186233439756,0.8177153556676802,0.7964383966473151,0.7765591969042764,0.7578098262873703,0.7400116494156028,0.7230399988358008,0.7068050253343915,0.6912405953752295,0.6762975189064964,0.6619392603961052,0.648139152336206,0.6348785620129027,0.6221456905515054,0.6099348102312968,0.5982458199439363,0.587084043436626,0.5764602231843503,0.5663906812227757,0.5568976309255775,0.5480096328045121,0.5397621943296831,0.5321985193793535,0.5253704177994818,0.5193393900686722,0.5141779065015162,0.5099709049946526,0.5068175362000208,0.5048331903532801,0.5041518459382293,0.5049287870779895,0.5073437441727058,0.5116045210338316,0.5179511817743987,0.5266608821316395,0.5380534429071452,0.5524977785182046,0.5704193125568389,0.5923085335043305,0.6187308586189588,0.6503379851520287,0.6878809981238835,0.732225715674172,0.7843701506530036,0.8454621170939636,0.9168314161486786,1.0
2.0500000000000003,1.0,0.9347168663653346,0.8970806954512656,0.8674839972411784,0.8419510043312879,0.8189690897482477,0.797793477111482,0.7780002278108313,0.7593244407630475,0.7415896018821275,0.7246726004084921,0.7084847705957611,0.6929609034765316,0.6780525467454517,0.6637237632287714,0.6499483767075278,0.6367081613322636,0.6239916568916271,0.6117934179472221,0.6001135780021714,0.5889576541956483,0.5783365459401917,0.5682666992250286,0.5587704208401583,0.5498763357878128,0.5416199880088689,0.5340445901215568,0.5272019327092115,0.5211534681850498,0.5159715886798375,0.511741121953149,0.5085610741939908,0.506546653906176,0.5058316170159728,0.5065709800423881,0.5089441557834401,0.5131585746533587,0.5194538647625737,0.5281066753680235,0.5394362417106225,0.5538108042777383,0.5716550115733994,0.5934584549932902,0.6197855172014508,0.6512867569480567,0.6887120174614785,0.7329253102185281,0.7849222787603423,0.8458529251472992,0.917035262964697,1.0
2.1,1.0,0.9352533247079022,0.8978961782473605,0.8684969112582539,0.8431176135544063,0.8202608970905231,0.7991899012401376,0.7794854302872286,0.7608856982612466,0.7432163720958368,0.7263559411602774,0.7102169558961371,0.694735157229289,0.6798628506127551,0.6655647132955469,0.6518150733899559,0.6385961225759058,0.6258967480514849,0.6137117938191201,0.6020416338056824,0.5908919831845298,0.5802739019052916,0.5702039625575022,0.5607045671015254,0.5518044059270133,0.5435390595002154,0.5359517483879157,0.5290942422528042,0.5230279428812785,0.5178251607023077,0.513570608794079,0.5103631432259977,0.5083177838997638,0.507568055979242,0.5082686986824032,0.5105987958130804,0.5147653911152704,0.5210076615015191,0.529601732556841,0.5408662336900583,0.5551687057374827,0.5729329928819108,0.594647771217336,0.620876379068942,0.6522681279619087,0.6895713792327064,0.7336488714484557,0.7854950432650707,0.8462533982892889,0.9172498242358387,1.0
2.15,1.0,0.93580574151952,0.8987360302497875,0.8695402400046387,0.8443194252719386,0.8215918790769916,0.8006288842096039,0.7810161230135026,0.7624950125755207,0.7448934618353559,0.7280916046014616,0.7120032408503167,0.6965650871837734,0.6817302271651535,0.6674639687845727,0.6537411577170151,0.6405444139753491,0.627862981011296,0.6156919994910129,0.604032089612832,0.592889169236108,0.5822744624328531,0.5722046710026241,0.5627022937707165,0.5537960873289518,0.5455216686178291,0.5379222652306417,0.5310496240939182,0.5249650936190442,0.5197408987969461,0.5154616332281574,0.5122259969153332,0.5101488139471976,0.5093633701186262,0.5100241172068463,0.5123097982049672,0.516427056461942,0.5226146016134848,0.5311480167207839,0.5423453043698327,0.5565732842694513,0.5742549707044562,0.5958780785237245,0.6220048410888462,0.653283361564325,0.6904606663658353,0.7343975102413471,0.7860858786592331,0.8466718244859508,0.9174677726409383,1.0
2.2,1.0,0.9363745454044099,0.8996009171249898,0.8706148289746255,0.8455574354280331,0.8229631634710748,0.8021116722982852,0.7825936605108548,0.7641538380823175,0.7466224181886214,0.7298812242441962,0.7138453397153106,0.6984524831030369,0.6836565367560934,0.6694234559619159,0.6557286173633807,0.6425550802338373,0.6298924532068145,0.6177361808858404,0.6060871356104949,0.5949514425743802,0.5843404935298322,0.5742711220459652,0.5647659254347486,0.5558537272090185,0.5475701806124053,0.5399585191971402,0.5330704651651639,0.5269673106018848,0.5217211910875679,0.5174165756741442,0.5141520020349399,0.5120420908817682,0.5112198796412917,0.5118395220386931,0.5140794078157881,0.5181457654870489,0.5242768209571533,0.5327475961024,0.5438754443730754,0.5580264360695064,0.5756227250820696,0.5971510482751015,0.6231725194450092,0.6543338978647156,0.6913806345251281,0.7351721780916016,0.7866991336976015,0.84710039345203,0.9176977274077818,1.0
2.25,1.0,0.9369601718113718,0.9004915164117108,0.8717215403503238,0.8468326614943911,0.8243759044748662,0.8036395432037473,0.7842194337517607,0.7658636706702748,0.7484048348215309,0.7317264852257056,0.7157450233791776,0.7003991963247658,0.6856437061748308,0.6714451722893304,0.6577795158401318,0.6446302463955811,0.6319873467669159,0.6198465728037389,0.6082090548634995,0.5970811301037853,0.5864743614730514,0.576405716804495,0.5668978934306947,0.5579797823931654,0.5496870729318677,0.54206300332846,0.5351592688813276,0.5290371021771655,0.5237685451576009,0.5194379369632733,0.5161436463404292,0.5140000826677269,0.5131400255484735,0.5137173195587352,0.5159099882885685,0.5199238304278784,0.5259965705666882,0.5344026489060002,0.5454587473256555,0.5595301637638255,0.5770381625462987,0.5984684497357883,0.6243809591027188,0.6554211668738148,0.6923330834271768,0.7359739774021534,0.7873319360694064,0.8475487923585512,0.9179309268297401,1.0
2.3000000000000003,1.0,0.9375630626246652,0.9014085170414675,0.8728612525949389,0.8481461422270875,0.825831282714516,0.8052138063057934,0.785894870738732,0.7676260486642512,0.7502423532701461,0.7336291259860643,0.7177041214371216,0.7024071422444205,0.6876937315417937,0.6735311897338789,0.6598959962178153,0.6467721219788636,0.6341499330509479,0.6220255038556084,0.6104002286342934,0.5992806611028729,0.5886785388628548,0.5786109664244025,0.56910074257007,0.5601768263494425,0.5518749425386886,0.5442383327392494,0.53731866295781,0.5311771028682921,0.5258855962677397,0.5215283467033826,0.5182035470347077,0.5160253869501582,0.5151263783253816,0.5156600449377348,0.5178040306042462,0.5217636884531074,0.5277762239012075,0.5361154751179079,0.5470974277257789,0.5610865762776982,0.578503264142945,0.5998321514302999,0.6256319695548026,0.6565467453836066,0.6933188182540142,0.7368041190939484,0.7879891363962859,0.8480078279764277,0.9181776337985357,1.0
2.35,1.0,0.9381836656833668,0.9023526187634361,0.8740348599448623,0.8494989373278983,0.827330505143835,0.8068358028675415,0.7876214370456213,0.7694425537402444,0.7521366642551749,0.7355909400020775,0.7197245243594346,0.7044783029274391,0.6898086813713273,0.6756836582839905,0.662080285095443,0.6489830053947083,0.6363825775111439,0.6242754017608787,0.6126631421053388,0.6015525733583885,0.5909556111538461,0.5808894989913664,0.5713771384095081,0.56244755679806,0.5541365138365596,0.5464872528362011,0.5395514078930184,0.5333900820900348,0.5280751162738699,0.5236905723765225,0.5203344600217362,0.51812074039701,0.5171816472295708,0.5176703713169426,0.519764162572747,0.5236679121304552,0.5296182869535024,0.5378885009124224,0.5487938194125783,0.5626979088573858,0.5800201579245817,0.6012441204846348,0.6269272679189588,0.657712263654304,0.6943398855166153,0.7376636681910644,0.788667543844974,0.8484888294774766,0.9184273599459086,1.0
2.4000000000000004,1.0,0.9388224342216247,0.9033245314633368,0.8752432717891486,0.8508921269988243,0.8288748048557137,0.8085069061656276,0.7894006363146301,0.7713148118267962,0.7540895090171166,0.7376137775787248,0.7218081857560656,0.7066147298588059,0.6919906998137815,0.6779048096877167,0.6643346968350503,0.6512652886746841,0.6386877449076652,0.6265987990410185,0.6150003905397325,0.6038995197791976,0.5933082837059429,0.5832440670003287,0.5737298751186206,0.5647948039544045,0.5564746472632556,0.5488126482334919,0.541860406178081,0.5356789536228,0.5303400233297748,0.5259275292212671,0.5225392899197858,0.5202890288432018,0.5193086906291919,0.5197511202619218,0.5217931587978013,0.5256392181899758,0.5315254075068727,0.539724293983381,0.5505503953692894,0.564366516035019,0.5815910581626976,0.6027064556380377,0.6282688859817576,0.6589194484397399,0.6953971532012002,0.738554165875964,0.7893725484535979,0.8489809786406352,0.9186923452981761,1.0
2.45,1.0,0.9394798262215349,0.9043249743649378,0.8764874119238627,0.8523268113773705,0.8304654407898726,0.8102285215396932,0.7912340107013633,0.7732444939878789,0.7561026806700899,0.7396995476995288,0.7239571247427838,0.7088185468387833,0.6942420100897675,0.6801969614301663,0.6666616380830819,0.6536214625334595,0.6410680049062607,0.6289983391431888,0.617414685918861,0.6063242755332099,0.5957393894032217,0.5856775554363357,0.5761618840004465,0.5672215394644092,0.5588923486139916,0.5512175524343581,0.5442487123030499,0.5380467859069651,0.5326833924359888,0.5282422910101874,0.5248211010302939,0.5225332983499982,0.5215105269930861,0.5219052727147677,0.5238939521780617,0.5276804800689917,0.5335003863710739,0.5416255675014026,0.5523697679569635,0.5660949030061574,0.5832183488663061,0.6042213513683281,0.6296587427541045,0.6601701715006556,0.6964929470288959,0.7394766020382517,0.7901006383805494,0.8494975318769602,0.9189600192259033,1.0
2.5,1.0,0.9401563036696317,0.9053546751017543,0.8777682176676062,0.8538041098389322,0.8321036973242932,0.8120020863502433,0.7931231412593684,0.7752333172815433,0.7581780255719033,0.7418502199370527,0.7261734284140842,0.711091953034149,0.6965649181303208,0.6825625209684281,0.669063612601604,0.6560541217939,0.6435260380912061,0.6314767830315746,0.619908864099475,0.6088297457545087,0.598251896892499,0.5881929905231786,0.578676242725968,0.5697308860978666,0.5613927791636169,0.5537051583501451,0.5467195436394985,0.5404968132526008,0.5351084669303238,0.5306381017619898,0.5271831292249786,0.5248567672864839,0.523790347221128,0.524135981366596,0.5260696455316268,0.5297947383250502,0.5355461893958136,0.5435951996681899,0.5542547097834517,0.5678857091465074,0.5849045163750963,0.6057911762572515,0.6310991256336103,0.6614663242230541,0.6976282175891124,0.7404329360183158,0.7908577750127486,0.8500257621053374,0.9192450048692608,1.0
2.5500000000000003,1.0,0.9408523317071995,0.9064143686454058,0.8790866388232431,0.8553251601513137,0.8337908837363899,0.8138290698327884,0.7950696482545843,0.7772830455878426,0.7603174447074275,0.744067826424522,0.7284592544281233,0.7134372261948068,0.6989618164376603,0.6850039902436885,0.671543226434228,0.6585659712048734,0.6460646424290293,0.6340370162873035,0.6224858925365131,0.611418973872401,0.600848919498661,0.5907935492018772,0.5812761853496023,0.5723261282719516,0.5639792666662264,0.5562788297402016,0.5492762922803405,0.5430324480369748,0.537618671006132,0.5331183885486453,0.5296287949821104,0.5272628394550156,0.5261515277012756,0.526446583810514,0.5283235255819863,0.5319852155581549,0.5376659597224478,0.5456362372706147,0.5562081575815084,0.5697417541115379,0.5866522413226937,0.6074183872438268,0.6325921925833734,0.6628100703388613,0.6988056039906109,0.7414240341548295,0.7916401370439811,0.8505811878933716,0.9195322155526214,1.0
2.6,1.0,0.9415683776637569,0.9075047960758774,0.8804436364694765,0.8568911174649617,0.8355283335185792,0.8157109728348886,0.7970751913990155,0.7793954903986356,0.7625228950817041,0.7463544638893027,0.7308168337090777,0.7158567260461652,0.7014351881822158,0.6875239704917213,0.6741031934335985,0.661159831684449,0.6486867402216502,0.6366820567615534,0.6251488786222513,0.6140951506189113,0.603533724879205,0.5934825694074752,0.583965113179931,0.5750107234839585,0.5666553173146806,0.558942113660658,0.5519225379383004,0.545657294007216,0.5402176233601422,0.5356867754199686,0.5321617175498292,0.5297551185324134,0.5285976450432,0.5288406171793045,0.5306590765611567,0.5342553290201171,0.5398630335280612,0.5477519200963528,0.5582332326457601,0.5716660091698504,0.5884643291391196,0.6091056702492197,0.6341405247475389,0.6642034823748156,0.7000261684886068,0.7424523823983503,0.7924542791682365,0.8511488407412454,0.9198391531596456,1.0
2.6500000000000004,1.0,0.9423049099621665,0.9086267031776474,0.8818401815644308,0.8585031531209524,0.8373174035313741,0.8176493274212868,0.7991414699916783,0.7815725115608818,0.7647963911185394,0.7487122957486104,0.7332484732723892,0.7183528978681923,0.7039876115526023,0.6901251673744675,0.6767463411794388,0.6638386470239058,0.6513953855908841,0.6394150628304389,0.6279010786970471,0.6168616237766575,0.6063097454864463,0.5962635612188552,0.5867466065866926,0.5777883147414675,0.5694246287559359,0.561698754021814,0.5546620619973499,0.5483751607777939,0.5429091520950038,0.5383470986676561,0.5347857304784128,0.5323374236905996,0.5311324916668796,0.5313218340475352,0.5330799972406508,0.5366087081851015,0.5421409531228689,0.5499456844467968,0.5603332511261654,0.5736616616003429,0.5903438052197995,0.6108557868189647,0.6357465655399701,0.6656490775185985,0.7012928983995294,0.7435186625027681,0.7932961027866541,0.8517468942966921,0.9201476842876313,1.0
2.7,1.0,0.9430623968828625,0.9097808388442533,0.8832772533417976,0.8601624532570611,0.8391594729754498,0.8196456963307528,0.801270222953496,0.7838160179638916,0.7671400060594926,0.7511435542673892,0.7357565591783375,0.7209282762725423,0.7066217643762541,0.692810396457045,0.6794756173183637,0.666605491090857,0.6541937725398761,0.6422393423045725,0.6307459077919592,0.6197219087347844,0.6091805899125469,0.599140218964239,0.5896244378336697,0.5806627440851189,0.5722911042624457,0.5645527063641974,0.5574988628457238,0.5511900796628524,0.5456973109772306,0.541103423434764,0.5375048985594371,0.5350138069160013,0.533760093428436,0.5338942197443796,0.5355902169475439,0.5390492103469751,0.5445034876392443,0.552221192825957,0.5625117417274109,0.5757320712710505,0.5922938512285963,0.6126717970805439,0.6374132333058685,0.6671491285462575,0.7026070097396409,0.7446260200202315,0.7941727617447123,0.8523577496065304,0.9204787964702819,1.0
2.75,1.0,0.943841305173662,0.9109679532723961,0.8847558374783812,0.8618702171904435,0.8410559421623185,0.8217016722665289,0.8034632287412569,0.786127968159713,0.769555873357229,0.7536505427777387,0.7383435596193071,0.7235854891895822,0.7093404290294418,0.6955825890561791,0.6822940963590343,0.6694635755728854,0.6570852436408707,0.6451583620508912,0.6336869501690909,0.6226796999270574,0.6121500551995263,0.6021164343724416,0.5926025850359172,0.5836380673119109,0.5752588681761843,0.5675081539715833,0.5604371726016871,0.5541063209610075,0.5485863972336326,0.543960061959238,0.5403235363778177,0.5377885716600912,0.5364847283378898,0.5365620116999974,0.5381939162788576,0.5415809410473009,0.5469546467938103,0.5545823383290558,0.5647724662967448,0.5778808566825401,0.5943178944676815,0.6145568182620681,0.639143315595707,0.6687065805782703,0.70397187171927,0.7457748764830648,0.7950799419819643,0.8530026958252692,0.9208106583240714,1.0
2.8000000000000003,1.0,0.9446420984905499,0.9121887959251087,0.8862769240100437,0.863627655553471,0.843008231061259,0.8238188770003839,0.8057223051240451,0.7885103709043748,0.7720461880560721,0.7562356379585753,0.741012028145902,0.7263272620775172,0.7121464976564078,0.6984447984877504,0.6852049869586802,0.6724162583063552,0.6600732994028664,0.6481757583893211,0.636727970731386,0.6257388832331126,0.6152221402046915,0.6051963108696323,0.595685247349397,0.5867185700139392,0.578332282748428,0.5705695254600724,0.5634814753933601,0.5571284128526117,0.5515809709771667,0.5469215934553053,0.5432462286488127,0.5406662936707896,0.539310947656415,0.5393297199322298,0.5408955461481882,0.5442082737852107,0.5494987079550733,0.557033279558552,0.5671194315252936,0.5801118350229872,0.5964195625132173,0.6165143526517736,0.6409401172542852,0.6703239296240306,0.7053889143725011,0.7469691989941855,0.7960253776606911,0.8536610493414217,0.9211684886493313,1.0
2.85,1.0,0.945465235653679,0.9134441132418428,0.8878415049710745,0.8654359881571576,0.845017777598005,0.8259989602681906,0.8080493088036356,0.7909652856060634,0.7746132081513191,0.758901292173357,0.7437646070367419,0.7291564223660865,0.7150429777183088,0.7014002067428772,0.6882116397395639,0.6754670522385032,0.6631616083770857,0.6512953483323125,0.6398729273801458,0.628903549431365,0.6184010601200516,0.6083841791303815,0.5988768615129854,0.5899087850645375,0.5815159665159351,0.5737415139827978,0.5666365273273049,0.5602611620723907,0.5546858765244693,0.549992885977058,0.546277852434863,0.5436518433493206,0.5422435985177756,0.5422021507053052,0.5436998528783263,0.5469358734196352,0.5521402304922305,0.5595784476994022,0.5695569249877299,0.5824291322151061,0.5986027526804869,0.6185479357317352,0.64280684438145,0.6720046382901107,0.7068619186828355,0.7482090568342209,0.7970046430607309,0.8543577534381432,0.921525956123312,1.0
2.9000000000000004,1.0,0.9463111687016342,0.9147346460715714,0.8894505717299254,0.8672964415543378,0.8470860356783678,0.82824359843268,0.8104461348582322,0.7934948226644476,0.7772592559173566,0.7616500358626506,0.7466040308162638,0.7320759041474492,0.7180329978935369,0.7044521316236416,0.6913175556765708,0.6786196350745064,0.6663540180628461,0.6545211417409744,0.6431259844054046,0.6321780088003905,0.6216912622544314,0.6116846140031609,0.6021821198730422,0.5932135116913029,0.5848148143666938,0.5770290982268865,0.5699073783436335,0.5635096765304314,0.5579062656811815,0.5531791203055554,0.549423601655242,0.5467504108641555,0.5452878491846533,0.5451844308242515,0.546611901181552,0.5497687215451261,0.5548840907856744,0.5622225858363677,0.5720895165866282,0.5848371065315429,0.6008716236586393,0.6206615929285657,0.6447472440481812,0.6737514547771917,0.7083926140534078,0.7494994342667063,0.7980259972897012,0.8550685109679106,0.9219134301465414,1.0
2.95,1.0,0.9471803407257405,0.9160611268031397,0.8911051119920236,0.8692102462723327,0.8492144729074551,0.8305544928865389,0.812914715986584,0.7961011436832692,0.7799867191928862,0.7644844799870396,0.7495331299241494,0.735088753126836,0.7211198143517396,0.7076040343712298,0.6945263950997446,0.6818778596649522,0.6696545666813294,0.6578573544777945,0.6464915270018603,0.6355668069742273,0.625097443196486,0.6151024529419484,0.6056059900369961,0.5966378362967761,0.5882340194634817,0.5804375653679292,0.5732993961285644,0.5668793901149267,0.5612476233540302,0.5564858162206554,0.5526890137711604,0.5499675330836634,0.5484492165795553,0.5482820366655774,0.5496371043418835,0.5527121428837887,0.5577354974108943,0.5649707618738318,0.5747221165129088,0.5873404827779114,0.6032306243839125,0.6228593555501942,0.6467650355683161,0.6755684658419692,0.709985215443655,0.7508399386983823,0.7990850654791269,0.855822547973429,0.9222990882088142,1.0
3.0,1.0,0.9480731834648807,0.917424276165137,0.8928061064380296,0.8711786336822447,0.8514045679724436,0.832933368166312,0.8154570215269221,0.7987864615359545,0.7827980526095423,0.76740731851432,0.7525548345390305,0.738198131845314,0.7243068174244556,0.7108595278207859,0.6978419873582162,0.685245765192949,0.6730674958898397,0.6613084226423368,0.6499741770110428,0.6390747421670342,0.6286245674889703,0.6186428160882973,0.609153736312855,0.6001871551975715,0.5917790972180721,0.5839725362050631,0.576818292318402,0.5703760898521519,0.5647157955593529,0.5599188613158503,0.556079999431716,0.5533091239046133,0.5517335965270981,0.5515008231300771,0.5527812524626624,0.5557718383934716,0.5607000355876959,0.5678284102409752,0.5774599613645242,0.5899442630321377,0.6056845490561775,0.6251458683071006,0.6488644711248879,0.6774587102054045,0.7116418713774504,0.7522368054960652,0.8001905234534623,0.8565913401758174,0.9227195883281674,1.0
3.0500000000000003,1.0,0.9489901146399126,0.9188247996655287,0.8945545249634332,0.8732028324692823,0.853657807653972,0.8353819697446412,0.8180750562223094,0.8015530402613492,0.7856957787478653,0.770421330943059,0.7556721785578542,0.741407325186449,0.7275975386956145,0.7142223851186611,0.7012683411945003,0.688727589223963,0.6765972645144662,0.6648790179832851,0.6535788099988866,0.6427068838922867,0.6322778879559299,0.622311128163439,0.6128309431132616,0.6038671994763842,0.5954559115159288,0.5876399926760886,0.5804701512241724,0.5740059457593051,0.5683170202857863,0.5634845426547248,0.5596028746436532,0.5567815068947426,0.5551472974938373,0.5548470592985315,0.5560505484103111,0.5589539146136847,0.5637836841645765,0.5708013557172347,0.5803087015482393,0.5926538810058819,0.6082384967333179,0.6275257557313046,0.6510499038850425,0.6794270242620959,0.7133672398920299,0.7536890530456029,0.8013382911335568,0.8574091277002138,0.9231363865190796,1.0
3.1,1.0,0.9499315350053354,0.9202633836391325,0.8963513224827895,0.8752840646656136,0.8559756834281238,0.837902061465204,0.8207708587008615,0.8044031947637035,0.7886824892019039,0.7735293848523512,0.7588883037306349,0.7447197461777713,0.7309956585351767,0.7176965490388361,0.7048096558805179,0.6923277806852557,0.6802485633843944,0.6685740645872189,0.6573105737870923,0.6464685933135309,0.636062967838387,0.6261131423432709,0.6166435405137848,0.6076840621584416,0.5992707034358105,0.5914463080293342,0.5842614613407018,0.5777755435593638,0.5720579613131305,0.5671895816760238,0.5632643967478462,0.5603914519608817,0.5586970768399032,0.5583274632481491,0.5594516432845376,0.5622649271181994,0.5669928705713466,0.5738958538727489,0.5832743668245385,0.5954751093309667,0.6108980252042969,0.630004395467824,0.6533261622586332,0.681476790374753,0.7151640551784746,0.7552044441474646,0.8025372776138815,0.8582424507840708,0.9235938443008428,1.0
3.1500000000000004,1.0,0.9508978250943527,0.9217406908688173,0.8981974342591955,0.8774235412042086,0.8583596876177046,0.8404954225813144,0.8235464996358811,0.8073392902877274,0.7917608455306601,0.7767344384649368,0.7622064639482196,0.7481389420965825,0.7345050140987783,0.7212861419360426,0.7084703331687693,0.6960510138454594,0.6840263313566004,0.672398756951955,0.6611749085657849,0.6503655453745685,0.6399857049080977,0.6300549663095163,0.6205978321821302,0.6116442279451366,0.603230122701684,0.5953982799024571,0.5881991499619199,0.5816919207269753,0.5759457455117892,0.5710411724573735,0.5670718033835813,0.5641462151961797,0.5623901824237769,0.5619492457532562,0.5629916786991521,0.5657119129040201,0.5703344919143266,0.5771186333633299,0.5863634909224757,0.5984142233937333,0.6136690036974293,0.6325871291721132,0.6556983870108233,0.6836137398287839,0.7170374069751843,0.7567812659467925,0.8037840537657364,0.8591314106392067,0.9240451622518895,1.0
3.2,1.0,0.9518893416319135,0.9232573557439738,0.9000937707168062,0.8796224569489677,0.8608113090480842,0.843163844355532,0.8264040795472404,0.8103637416358558,0.7949335800710844,0.7800395432076764,0.7656300296780465,0.7516686008877403,0.7381296078152777,0.7249954763733195,0.7122549901137508,0.6999022033681103,0.6879357726247923,0.676358579559677,0.6651775687253856,0.6544037528703999,0.6440523577436965,0.6341430906834025,0.6247005259090723,0.6157546057698681,0.6073412621755759,0.5995031666401205,0.5922906211835024,0.5857626060345165,0.5799880038502142,0.5750470241775725,0.5710328562687118,0.5680535832538809,0.5662343961915551,0.565720152744738,0.5666783322778067,0.5693024472582289,0.573815980485629,0.5804769294387143,0.589583052479291,0.6014779237400316,0.6165579107630417,0.6352802011006637,0.6581720639120933,0.6858416750868366,0.7189908448374425,0.7584291298046697,0.8050874727595668,0.8600367998976399,0.9245441730382802,1.0
3.25,1.0,0.9529064135886522,0.9248139789174178,0.9020412116913024,0.8818819851531674,0.8633320281592949,0.8459091261738055,0.8293457262013648,0.8134790120908217,0.7982034965833581,0.7834478462496584,0.7691624925395982,0.7553125578984324,0.7418736163824251,0.7288290664612724,0.7161684728197231,0.703886520515858,0.6919823754115249,0.680459328072317,0.6693246465548203,0.6585895926323795,0.6482695743715122,0.6383844200747912,0.6289587670010781,0.6200225644518625,0.6116116956776976,0.6037687271816027,0.5965437977526662,0.5899956632144294,0.5841929166122211,0.5792154075431346,0.5751558886797059,0.5721219223755587,0.5702380857079434,0.5696485185796386,0.5705198667380569,0.5730446798142812,0.577445333557239,0.5839785552594214,0.5929406431810289,0.6046734883906928,0.619571533960331,0.6380898296801079,0.660753316874309,0.6881673868002816,0.7210298486371505,0.7601454409989173,0.8064452665340632,0.8610055557474583,0.9250338994884035,1.0
3.3000000000000003,1.0,0.9539493378468752,0.9264111214193825,0.9040406000702621,0.8842032712949355,0.8659233115224279,0.8487330711237089,0.8323735915629439,0.8166876120022304,0.801573470694739,0.7869625929938493,0.7728074700072161,0.7590748029315142,0.7457414002882918,0.7327916399449058,0.7202158711710669,0.7080094105840048,0.6961719321466358,0.6847071322789372,0.6736225979642698,0.6629298340149443,0.6526444234871975,0.6427863069927336,0.6333801748179695,0.6244559717817104,0.6160495195160396,0.608203264897599,0.6009671670518255,0.594399738954259,0.58856926334963,0.5835552066552826,0.5794498588469079,0.5763602321634893,0.5744102569157181,0.5737433188239246,0.5745251892809317,0.5769474080451311,0.5812311876650211,0.5876319207515605,0.5964443839116084,0.6080087423203371,0.622717465321202,0.6410232822273619,0.6634483834194521,0.6905952106448672,0.7231590974747738,0.761942024393666,0.8078657958403108,0.8619918011532821,0.9255798657226454,1.0
3.35,1.0,0.9550183744478273,0.928049298184641,0.9060927347723855,0.8865874262351252,0.8685866057046864,0.8516374809822951,0.8354898482470816,0.8199920969910794,0.8050464501032658,0.7905871294931615,0.7765687102230316,0.762959487614473,0.7497375138723379,0.736888151071284,0.7244025346004384,0.7122766116430848,0.700510561238534,0.6891084809305779,0.678078270399162,0.6674316698851374,0.6571844284973671,0.6473565888945608,0.6379728827623716,0.6290632373641833,0.620663398083662,0.6128156758362195,0.6055698318601717,0.5989841159540762,0.593126477887303,0.5880759756199456,0.5839244082499648,0.5807782063858871,0.5787606180710974,0.5780142346278857,0.578703907964777,0.5810201189522591,0.5851828652317215,0.5914461465293094,0.6001031381446701,0.6114921626789473,0.6260035964857462,0.6440878621270091,0.6662646182448589,0.6931331772216623,0.7253843773177983,0.7638152582117563,0.8093486743032838,0.8630504214849705,0.926112494156664,1.0
3.4000000000000004,1.0,0.9561137413873371,0.929728970946042,0.9081983630114754,0.8890355186396807,0.8713233304238592,0.8546241505550611,0.8386966854160904,0.8233950657211633,0.8086254544971535,0.794324904755997,0.7804500968968724,0.7669709330753828,0.7538667159348504,0.7411237942670779,0.7287340889471359,0.7166941746693574,0.705004730546934,0.6936702486040334,0.6826989331221076,0.6721027503277912,0.6618976046314129,0.6521036286668923,0.6427455820712197,0.6338533596349061,0.625462613978722,0.6176155017868721,0.6103615661955144,0.6037587714379243,0.5978747094644971,0.5927880021361888,0.5885899268631272,0.5853862983354217,0.5832996443587335,0.5824717198573993,0.5830664100321892,0.5852730818510999,0.5893104530074916,0.5954310591197753,0.6039264114470336,0.6151329455928345,0.6294388688267246,0.6472920421392746,0.6692091242975061,0.6957863257426071,0.7277119228722856,0.7657795823114656,0.8109011300581291,0.8641278378533563,0.9267118061749673,1.0
3.45,1.0,0.9572356089244923,0.9314505404447728,0.9103581717880205,0.8915485666054416,0.8741348709295922,0.8576948613037128,0.8419963040607079,0.826899157181131,0.8123135751397932,0.7981794728997733,0.7844556542629351,0.771113637909969,0.75813398089649,0.7455040186488786,0.7332164544533615,0.7212684851393295,0.7096612826650464,0.6983997247380931,0.6874923100462913,0.676951219295169,0.6667924994008047,0.6570363588603363,0.6477075697643815,0.6388359774402903,0.6304571231199361,0.6226129888143448,0.6153528770831909,0.6087344418423535,0.6028248899288658,0.5977023769761118,0.5934576253666981,0.5901957967587741,0.588038657076559,0.5871270780613884,0.5876239265445207,0.5897174004108621,0.5936248786924624,0.5995973630970072,0.6079246020954927,0.618941009693359,0.6330325153600457,0.6506444849279652,0.6722907983770934,0.6985641161709055,0.7301476850496315,0.7678302339272625,0.8125256661650571,0.8652881364826525,0.9272925510732696,1.0
3.5,1.0,0.958384093365114,0.9332143379043996,0.9125727785481577,0.8941275284254397,0.8770225695458644,0.8608513741970125,0.8453909116013594,0.8305070474158469,0.8161139740640352,0.8021544951035668,0.7885895520547432,0.7753922864149847,0.762544510500533,0.7500345433802743,0.7378558649381206,0.7260062861585008,0.7144874621167923,0.7033046449876106,0.6924666153086156,0.681985754434756,0.6718782366907663,0.6621643300277152,0.6528688011814183,0.64402142668435,0.635657615367083,0.627819151685344,0.6205550726454734,0.6139226945006702,0.607988808925524,0.6028310721885805,0.5985396150503028,0.5952189058118846,0.5929899042124501,0.591992549842952,0.5923886356764361,0.5943651256400205,0.5981379851891576,0.6039566049594634,0.6121089074583459,0.6229272334137516,0.6367951146272929,0.6541550811562663,0.6755177530363554,0.7014725502181943,0.7327000265069898,0.7699846876506685,0.8142274579373721,0.866468905510178,0.927952817489743,1.0
3.5500000000000003,1.0,0.9595592502782618,0.935020615712052,0.9148427209467114,0.8967732924272368,0.8799877163067477,0.8640954217163338,0.8488827157415983,0.8342214456409094,0.820029882813071,0.8062537413029757,0.7928561104502063,0.779811757052048,0.7671037460385165,0.7547213738777068,0.7426588881771865,0.7309147031843892,0.7194909445662008,0.7083932250360854,0.6976305917744494,0.6872156103450899,0.6771645647930868,0.6674977635253172,0.6582399475119491,0.6494208025261268,0.6410755813001804,0.6332458450884078,0.6259803374988082,0.6193360068051126,0.6133791964363629,0.6081870270957286,0.6038489981098543,0.6004688402936318,0.5981666579772069,0.5970814039793697,0.5973737381957746,0.5992293279780125,0.6028626567860892,0.608521418017214,0.6164915862816434,0.627103280239875,0.6407375507003942,0.6578342171804313,0.6789008141862316,0.7045227017685997,0.7353748490426826,0.7722370025667988,0.8160132965954686,0.867744815933933,0.9285877563585094,1.0
3.6,1.0,0.9607610670995413,0.9368695372457707,0.9171684456478837,0.8994866658158929,0.8830315386161904,0.8674286989460802,0.8524739175034513,0.8380450896701848,0.8240646006590936,0.8104810915617233,0.7972598049275758,0.7843771310927901,0.7718173810647981,0.7595708188507062,0.7476324475010534,0.7360012703890526,0.7246798681245636,0.71367419699878,0.7029935526576709,0.6926506655024436,0.6826619086970014,0.6730476091894959,0.6638324588337371,0.6550460276981958,0.6467233856860664,0.6389058421083191,0.6316418161516297,0.6249878544771776,0.6190098156373793,0.6137842447363047,0.6093999658897206,0.605959924646705,0.603583317712345,0.6024080532378235,0.6025935919478198,0.6043242278429007,0.6078128771222705,0.6133054541098975,0.6210859210240249,0.631482104663902,0.6448723893595808,0.6616934506343783,0.6824492993662536,0.7077219302523032,0.7381834036557549,0.774608088922601,0.8178850016018309,0.8690434246471516,0.9293181012189184,1.0
3.6500000000000004,1.0,0.9619894550692027,0.9387611657817719,0.9195502960939269,0.9022683624519481,0.8861551898626561,0.8708528536794288,0.8561667033737996,0.8419807405836433,0.8282214922255335,0.8148405370457468,0.8018052709606209,0.7890937013801431,0.7766913745465266,0.7645895081408488,0.7527838446000478,0.7412739586828418,0.7300628668186934,0.7191568485322574,0.7085654264356578,0.698301473108401,0.6883814269558652,0.6788256082691697,0.6696586331243288,0.6609099275799837,0.652614348542337,0.6448129210943685,0.6375537053192514,0.630892808884339,0.6248955650429016,0.6196378993862122,0.6152079127698035,0.6117077124818434,0.6092555290336826,0.6079881619640856,0.6080638046789271,0.6096653055779244,0.6130039311319333,0.6183237080047217,0.6259064382382545,0.6360775026435905,0.6492125791792454,0.6657453781429252,0.6861764367988611,0.7110830801725894,0.7411312425141412,0.7770909450038258,0.8198555827014788,0.8704514704516098,0.9300143492243755,1.0
3.7,1.0,0.9632442404453881,0.9406954524087073,0.9219884991686506,0.9051189894945668,0.8893597369214895,0.8743694754727506,0.8599632364930394,0.8460311765625872,0.8325039844348457,0.8193361805171009,0.8064973084678073,0.7939669811217265,0.7817319643715599,0.7697844112957113,0.7581207834954005,0.7467412053905547,0.7356491062535813,0.7248510647349358,0.7143568052062883,0.7041793160863441,0.694335073465576,0.6848443620773281,0.6757316918113944,0.667026312604596,0.6587628343214835,0.650981961569326,0.6437313565513559,0.637066646248621,0.6310525935835964,0.6257644558736519,0.6212895579196271,0.6177291115797199,0.6152003187822672,0.6138388008736868,0.6138014043247791,0.615269441337548,0.6184524333171589,0.6235924338825176,0.6309690145561,0.6409050040825992,0.6537730978258645,0.6700035221215156,0.690093033214837,0.714615471552307,0.744233501252403,0.779710230446938,0.8219216799957791,0.8718852817909171,0.930825800869424,1.0
3.75,1.0,0.9645251549226652,0.9426722228673357,0.9244831506786464,0.9080390328409667,0.892646146482605,0.8779800835885707,0.8638656468233615,0.8501991858228526,0.8369155627027627,0.8239722362578552,0.8113408859159714,0.7990027126095366,0.7869456811078663,0.7751628567782665,0.7636513955931448,0.7524119455251858,0.7414483214578385,0.7307673728869009,0.7203789966086647,0.7102962664268733,0.7005356644329924,0.6911174067384555,0.6820658624151617,0.6734100688541065,0.6651843504020087,0.6574290503742839,0.6501913896293108,0.6435264680071241,0.6374984282298843,0.6321818054632435,0.6276630897783548,0.6240425333521833,0.6214362394623658,0.619978576140957,0.6198249636905546,0.6211550923676956,0.6241766354673255,0.6291295358448951,0.636290961791419,0.64598104611164,0.6585695229384085,0.6744833399878254,0.6942152837774546,0.718333812681643,0.7474949919459973,0.7824582849223112,0.8241051739675154,0.8734451740291634,0.9315917272881036,1.0
3.8000000000000003,1.0,0.96583182517224,0.9446911632225001,0.9270341995702934,0.9110288412956961,0.896015270149322,0.8816861137784454,0.8678760202457823,0.8544875585855847,0.8414597663033774,0.828753029329687,0.8163411439648712,0.8042068757353016,0.7923393618723045,0.7807325516670054,0.7693842656850933,0.7582956445455646,0.7474708568341019,0.736916990003678,0.7266440793595408,0.7166652490467297,0.7069969508439907,0.6976592944809524,0.6886764687991086,0.6800772573416736,0.6718956554718417,0.6641715992585318,0.6569518193860246,0.6502908364190654,0.6442521170206743,0.6389094142757774,0.634348319204685,0.6306680549637322,0.6279835503093132,0.6264278349274519,0.6261548064652805,0.6273424274255934,0.6301964185492324,0.6349545223551591,0.6418914163935838,0.6513243680022102,0.6636197595690179,0.6792006902026826,0.6985559248921986,0.7222503004408576,0.7509360161000831,0.7853636239988387,0.826394998948765,0.8750351832055105,0.9324977361760117,1.0
3.85,1.0,0.9671637614016874,0.9467518042587311,0.9296414307943348,0.9140886094074081,0.8994678282669416,0.8854889038753576,0.8719963865547784,0.8588990780422234,0.8461401828397986,0.8336829940752082,0.821503398526653,0.809585696144173,0.7979201641246041,0.7865016016442465,0.7753284586890219,0.7644023324029237,0.7537277080546971,0.7433118731010883,0.7331649623737501,0.7233001102097365,0.7137336965865787,0.7044856818193219,0.6955800297041936,0.6870452230704911,0.6789148790855608,0.6712284746991084,0.6640321955471864,0.6573799246337462,0.6513343903097777,0.6459684966071078,0.6413668629733102,0.6376276049732055,0.6348643925745894,0.6332088281743938,0.6328131926339404,0.6338536148853198,0.6365337305844965,0.6410889094476317,0.6477911482206428,0.6569547378083654,0.6689428011917207,0.6841747575424572,0.7031347680822078,0.7263814856166012,0.7545601886722402,0.7884188320247656,0.8288255363583837,0.8767705888891766,0.93334323543378,1.0
3.9000000000000004,1.0,0.9685203448070948,0.9488535044696321,0.9323044467212072,0.9172183589166197,0.9030043924581171,0.8893896781923483,0.876228706349985,0.8634365102988457,0.8509604417760354,0.8387666717753293,0.8268331431057632,0.8151456528413008,0.8036955791536572,0.7924785310012936,0.781493546831584,0.7707426385716254,0.7602305656118545,0.7499647719277822,0.7399554473194969,0.7302156905031194,0.7207617623793746,0.7116134248806543,0.7027943658443987,0.6943327142433356,0.6862616533490369,0.6786201423511038,0.671453759826159,0.6648156854067766,0.6587678391541203,0.6533822015795776,0.6487423410881001,0.644945179978587,0.6421030352622267,0.6403459766950559,0.6398245516058325,0.6407129338129498,0.6432125609943222,0.6475563305833426,0.6540134315961116,0.6628949097081882,0.6745601120653729,0.6894242331452834,0.7079671955550002,0.7307438255213663,0.7583945806821173,0.791655975281885,0.8313745480642356,0.878542448844464,0.9343603783545594,1.0
3.95,1.0,0.9699008137571231,0.9509954314823262,0.9350226469980342,0.9204179187654249,0.9066253668675218,0.8933895307626899,0.880574856869613,0.8681025933294082,0.8559242070219152,0.8440087073980174,0.832336050284777,0.8208934850396488,0.8096734449670622,0.7986723023017925,0.7878896368626651,0.7773278276251443,0.7669918595839249,0.7568892837512282,0.7470302942400628,0.7374279020879586,0.7280981954114658,0.7190606821351426,0.7103387163058172,0.7019600126954041,0.6939572575048658,0.6863688258198934,0.6792396192480749,0.6726220400487833,0.6665771211869354,0.6611758352169513,0.6565006088156904,0.6526470741558236,0.6497260931183322,0.6478660956245539,0.6472157794929647,0.6479472271749952,0.6502595059066674,0.6543828325460356,0.6605833985414147,0.6691689526007134,0.6804952157833138,0.6949731718936503,0.7130773401870157,0.7353555131336755,0.7624411713886894,0.7950696445982979,0.8340938664485649,0.8804819954478216,0.9352972139166474,1.0
4.0,1.0,0.9713042485041465,0.953176541718966,0.9377952067203904,0.9236869036287736,0.9103309681519367,0.8974894075100406,0.8850366168747542,0.8729000250338179,0.861035168620969,0.8494138454137923,0.8380179722349181,0.8268361980175702,0.8158619582374729,0.8050923352455683,0.7945273967442157,0.7841698347242224,0.7740248049485402,0.7640999095519567,0.7544052896863633,0.744953809792865,0.7357613243566026,0.7268470242262488,0.7182338640614749,0.7099490759687269,0.7020247773615662,0.6944986838316524,0.6874149405353617,0.680825088423048,0.6747891846635209,0.6693770999433817,0.6646700190812038,0.660762175780037,0.6577628575617385,0.6557987230716205,0.6550164807225705,0.6555859842548524,0.657703806404239,0.6615973575457345,0.6675296279486803,0.6758046623381347,0.6867739324306408,0.7008438287765789,0.7184844303312989,0.7402393353386456,0.7667357242381854,0.7986943975272587,0.8369453753175169,0.882467445924208,0.9364461763933892,1.0
4.05,1.0,0.9727295541592718,0.9553955580442169,0.9406210527659913,0.9270246909356934,0.9141212042947837,0.9016900875079199,0.889615650783017,0.8778314505924085,0.866297033680288,0.8549869247226335,0.8438849401666653,0.832981067746853,0.8222696848987107,0.811748524159815,0.8014180810901044,0.7912813001679622,0.7813434464944493,0.7716121106108076,0.7620973163405396,0.752811715158729,0.7437708592040722,0.7349935508501384,0.7265022709521372,0.7183236911869859,0.7104892787344519,0.7030360041805727,0.696007166154925,0.6894533489900898,0.6834335327340495,0.6780163782365852,0.6732817138013159,0.6693222540379005,0.6662455860973988,0.6641764636849661,0.663259455813006,0.6636620062756908,0.6655779719473469,0.6692317213871349,0.6748828830040762,0.6828318233556396,0.6934259095321319,0.7070666071930342,0.724217613824237,0.7454146850056069,0.7712783802682319,0.8025300423987907,0.8400050757627076,0.8846460604733551,0.9374884245262237,1.0
4.1000000000000005,1.0,0.9741754415919703,0.9576509450764967,0.94349883809988,0.9304303963558547,0.9179958523766268,0.905992163579943,0.8943134923704299,0.8828994494426853,0.8717135168124871,0.8607328728474997,0.8499431627094016,0.8393356440733052,0.8289055689384701,0.8186512534152881,0.8085735544114212,0.7986756018528458,0.7889627020312163,0.7794423641188253,0.7701244227394097,0.7610212420109896,0.7521479944239429,0.7435230132881965,0.7351682213984219,0.727109641678147,0.7193779982685018,0.7120094190738244,0.7050462533274662,0.6985380204135215,0.6925425090785944,0.687127049417791,0.6823699837859423,0.67836236724675,0.6752099334149393,0.673035367387419,0.6719809333362214,0.6722115095855424,0.6739180889771802,0.6773218104762238,0.6826786073301592,0.690284596815213,0.7004823906159274,0.7136685189984433,0.730302009321719,0.7509137291726125,0.7761157313339364,0.806611248155621,0.8432126789769624,0.8868849873286622,0.9387954142625489,1.0
4.15,1.0,0.9756404058169152,0.9599408817466178,0.9464269138070929,0.9339028477291831,0.9219544354947908,0.9103960226077938,0.8991315285185736,0.8881065223878813,0.8772883305486755,0.8666566997199293,0.8561990233360524,0.8459077522935567,0.8357789389148671,0.8258114099539853,0.8160063110043043,0.8063668841305689,0.7968984020659275,0.787608215735186,0.778505890951287,0.7696034215985685,0.760915513902519,0.7524599413309037,0.7442579732998811,0.7363348837668311,0.7287205483446099,0.7214501410106406,0.7145649439797475,0.7081132869865565,0.7021516351630295,0.6967458479347661,0.6919726349026251,0.687921238568439,0.6846953782202603,0.6824154948452053,0.6812213444110351,0.6812749968506228,0.6827643096733682,0.6859069541256828,0.6909550705982055,0.6982006135164811,0.7079814301170111,0.7206881678004641,0.736772341687618,0.7567563678425755,0.7812466090423741,0.8109486806734505,0.8466774046459256,0.8893457253719179,0.9399600491661302,1.0
4.2,1.0,0.9771227013049535,0.9622632305647536,0.9494032985340888,0.937440557409734,0.9259961990934708,0.9149018260541848,0.9040709836845826,0.893455079590072,0.8830251764435902,0.8727634916372038,0.8626590771634677,0.8527054931116769,0.8428995117512661,0.8332403919997866,0.8237294900557719,0.8143700811735248,0.8051673236383177,0.7961283263937087,0.7872622990993854,0.7785807738022439,0.7700978940267107,0.761830771611536,0.7537999149744299,0.7460297352139625,0.7385491388845487,0.7313922186084735,0.7245990550587826,0.7182166463766795,0.7122999839040023,0.7069132963637793,0.7021314884530614,0.698041804279903,0.6947457510340871,0.692361323318348,0.6910255732148305,0.6908975756294864,0.6921618449489264,0.6950322728939504,0.6997566856760731,0.7066221615301731,0.715961282452511,0.7281594445889932,0.7436631174637851,0.7629885472420876,0.7867304426787554,0.8155724940119895,0.8503085650082453,0.8918892512312386,0.9414589074489944,1.0
4.25,1.0,0.9786203134949747,0.9646155028994822,0.952425644919643,0.9410416929747656,0.9301200870361609,0.9195094913695512,0.9091329060173949,0.8989474305133365,0.8889277379475069,0.879058406330774,0.8693300477889667,0.859737241221521,0.8502773935191835,0.8409501130183185,0.8317568843029202,0.8227009324103935,0.8137872151546564,0.805022509659016,0.7964155747710409,0.7879773803848923,0.7797214006634333,0.7716639722459289,0.7638247215897367,0.7562270681190348,0.7488988121462341,0.7418728187926917,0.7351878114973351,0.7288892912445213,0.7230306004032212,0.7176741530699038,0.7128928571152188,0.7087717569613745,0.7054099309038256,0.7029226831556978,0.701444079149986,0.7011298823389305,0.7021609589821167,0.7047472190469823,0.7091321520153417,0.7155980025514878,0.7244716471267676,0.7361313530788322,0.7510149016469203,0.7696299303888923,0.7925670873054815,0.8205139155346315,0.8542606299861282,0.8946858706993288,0.9427665941226289,1.0
4.3,1.0,0.9801309255784575,0.966994819375684,0.9554912024666559,0.9447040462124283,0.9343247178175864,0.9242186751260576,0.9143181563258086,0.9045857772641359,0.894999676580928,0.8855466705914665,0.8762188253209968,0.8670116431854952,0.8579230772120625,0.8489530001185158,0.8401029405242542,0.8313759873062018,0.8227768083792246,0.814311754564154,0.8059890330499313,0.7978189432664204,0.7898141733069887,0.781990158726902,0.7743655083412937,0.7669625039829673,0.759807683313892,0.7529325168873031,0.74637419286757,0.7401765252651384,0.7343910043662971,0.7290780113363011,0.7243082227627233,0.7201642350364438,0.7167424426307036,0.7141552082594542,0.7125333668647662,0.712029111088043,0.7128193170458179,0.7151093906979461,0.719137748056015,0.7251810739088984,0.7335604927809731,0.7446486642346674,0.7588775467240148,0.7767463535224651,0.7988298473867002,0.8257902209768688,0.8584022163032843,0.8976012288645248,0.9445020981838921,1.0
4.3500000000000005,1.0,0.9816518793618392,0.9693978642570854,0.9585967761525511,0.9484250002475918,0.9386083613666161,0.9290287588929593,0.9196274014033343,0.9103722132069669,0.9012446335039139,0.8922335825592614,0.8833324674936656,0.8745376160135134,0.8658474381336104,0.8572619864470641,0.8487827501084292,0.8404125963223834,0.832155813061976,0.8240182281690219,0.8160073921217791,0.808132819032317,0.8004062851087589,0.792842187081479,0.7854579656134499,0.7782746008822585,0.771317189569983,0.7646156145683183,0.7582053208789516,0.752128213506186,0.7464336956453093,0.7411798682707265,0.73643491555125,0.7322787047459591,0.7288046347977093,0.7261217749138824,0.7243573423405176,0.723659575187545,0.7242010580662173,0.7261825527240089,0.7298373766911963,0.7354363804752901,0.7432936426414092,0.753773187208456,0.7672973167853667,0.784357271005958,0.8055260224862827,0.83146971376915,0.8629486249096864,0.9008019483289336,0.9459783040609813,1.0
4.4,1.0,0.9831801286532018,0.9718208323918072,0.9617386799152905,0.9522014946143487,0.9429689169305009,0.9339388390081135,0.9250611134824254,0.9163087291662936,0.9076662391924346,0.8991245215869528,0.8906782067060683,0.8823243489041666,0.8740617286373982,0.8658904981935479,0.8578120287367231,0.8498288849964805,0.8419448886053569,0.8341652496099832,0.8264967561391072,0.8189480184912112,0.8115297679614897,0.8042552135913834,0.7971404622587777,0.7902050094634386,0.7834723100140394,0.7769704397504401,0.7707328615717162,0.7647993114929862,0.7592168232740203,0.7540409133080077,0.7493369507750243,0.7451817413424183,0.741665355875708,0.7388932391932258,0.736988639361958,0.7360954081060557,0.736381240603508,0.7380414484729185,0.7413033843564794,0.7464316351220092,0.7537340315478807,0.7635683539831026,0.7763494143268386,0.7925563146322392,0.8127409561186207,0.83754236943445,0.8677160668423431,0.9041806517735398,0.948011635811913,1.0
4.45,1.0,0.9847121831125102,0.9742593669628901,0.9649126840296551,0.9560299880854346,0.9474038925858781,0.9389477214764319,0.9306195777357836,0.9223972298242303,0.9142681344920142,0.9062249694867656,0.8982634670755865,0.8903813121136733,0.8825775755555003,0.8748524383952472,0.8672070857476991,0.8596437096350599,0.85216558857951,0.8447772277801439,0.837484552464563,0.8302951522923551,0.8232185781316068,0.8162666950160204,0.8094540971031502,0.8027985922633883,0.7963217656842692,0.7900496336602177,0.7840134006178056,0.7782503344878833,0.7728047779319379,0.7677293159031406,0.7630861238713152,0.7589485259847142,0.7554027983568616,0.7525502587467762,0.7505096884500838,0.7494201330502017,0.7494441248226626,0.750771364949231,0.7536229123101653,0.7582559750628772,0.764969524651112,0.7741111500375644,0.7860857185680681,0.8013661101714856,0.8205047799455514,0.8441415286713752,0.8729997023857199,0.9078738969394494,0.9496882573591625,1.0
4.5,1.0,0.986244039743628,0.9767084858924137,0.9681139553894318,0.9599064192515034,0.9519103870630015,0.9440539232485482,0.9363029096540636,0.9286395628560293,0.9210540064756634,0.9135405475917142,0.9060958969180093,0.898718279074981,0.8914069865363192,0.8841621728917474,0.8769847864806639,0.8698765947868261,0.8628402745489465,0.8558795554966703,0.8489994128698497,0.8422063082208289,0.835508480831034,0.8289162941296797,0.8224426431985805,0.816103431038887,0.8099181229343757,0.8039103900850288,0.798108855758793,0.7925479595035976,0.7872689573904721,0.7823210787035887,0.7777628619094941,0.7736636953447474,0.7701055915820368,0.767185230256335,0.7650163141041966,0.7637322984160773,0.7634895736225874,0.7644711968106013,0.7668912638297312,0.7709999649584705,0.7770892578316618,0.7854989584183292,0.7966230691297247,0.8109167477518688,0.8289060973274771,0.8512060907164856,0.8785534251420517,0.911846522816061,0.952106743947054,1.0
4.55,1.0,0.987771098002795,0.9791624942628137,0.9713369899927808,0.9638261654357403,0.9564850750379921,0.9492556811369313,0.9421110836686925,0.9350375626119121,0.9280276418544307,0.9210770738239105,0.9141834226631037,0.9073453697446932,0.9005623750768212,0.893834529372355,0.8871625182949081,0.8805476605665631,0.8739920014200047,0.8674984532307364,0.8610709809409631,0.8547148333754468,0.848436823877422,0.8422456654327104,0.8361523669032807,0.830170698326189,0.8243177345661346,0.8186144880544355,0.8130866430494155,0.8077654059971211,0.8026884893508976,0.797901249747488,0.7934580056569728,0.7894235640864532,0.7858749897384537,0.7829036520241193,0.7806175846738548,0.779144190268522,0.7786333225952655,0.7792607941327483,0.7812324010677559,0.7847886500202519,0.7902105025324753,0.7978265514352793,0.8080218999125369,0.8212482444758865,0.8380328504203409,0.858981615589663,0.8847720510672731,0.9161502491291703,0.9540246208410794,1.0
4.6000000000000005,1.0,0.9892880525233415,0.9816148794652579,0.9745755376793214,0.967784002005879,0.961124198266615,0.9545509699726018,0.9480439734654506,0.9415931081316569,0.9351929982197075,0.9288406419387129,0.9225343294708872,0.9162731242277442,0.9100566171540991,0.9038848258671215,0.8977581793731249,0.89167756065092,0.8856443947554062,0.8796607780394157,0.8737296484798058,0.8678549997364873,0.8620421433718717,0.8562980250883042,0.850631602161841,0.8450542905973032,0.8395804919522867,0.834228211265201,0.8290197790278022,0.8239826916311733,0.8191505862376995,0.8145643678282519,0.8102735087625729,0.806337545399245,0.8028278031378584,0.7998293913551983,0.7974435225878838,0.7957902229152995,0.7950115059108696,0.7952750698500684,0.7967785356833983,0.7997541708194182,0.804473974341404,0.8112550377162028,0.8204654555620359,0.8325320482779994,0.8479529245190012,0.8673195742907758,0.8913503610457172,0.9209160273368346,0.9569608432836141,1.0
4.65,1.0,0.9907887541403096,0.9840581848341272,0.9778225207150266,0.971774066929647,0.9658235678294258,0.959937533095064,0.9541014036370998,0.9483081917690892,0.9425542875366623,0.936837718300837,0.9311573683178873,0.9255126140472525,0.919903156221088,0.9143289544601355,0.9087902225048434,0.903287465760493,0.89782155430622,0.892393830469767,0.88700625340148,0.8816615851025441,0.8763636237088237,0.8711174908451016,0.8659299807660934,0.8608099799674003,0.8557689671420656,0.8508216049148226,0.8459864367912215,0.8412867051938521,0.8367513091459534,0.8324159227369119,0.8283242974439491,0.8245297721832041,0.821097014497127,0.8181040154194557,0.8156443619380704,0.8138298197062926,0.8127932821996803,0.8126921885201728,0.8137125820879207,0.8160740594113758,0.8200358861004401,0.8259044188878151,0.8340414847418353,0.8448723591843914,0.8588906016734479,0.8766565819861413,0.8987917267643235,0.9259941015326351,0.9591739439307413,1.0
4.7,1.0,0.9922660241839074,0.9864838562964819,0.9810699505515867,0.9757898404369592,0.9705785875827173,0.9654129319757225,0.960283213364812,0.9551849916077568,0.9501160580162125,0.9450752379547053,0.9400618721594476,0.9350755819933547,0.9301161643628466,0.9251835520990132,0.9202778125241919,0.9153991733651019,0.9105480731877498,0.905725237895517,0.9009317875466116,0.8961693796672631,0.8914403967245459,0.8867481866170426,0.8820973659880006,0.8774941968873925,0.8729470478585187,0.8684669510253126,0.8640682674372882,0.859769474139638,0.8555940886250081,0.8515717499559042,0.8477394812315275,0.8441431650831415,0.8408392715789867,0.8378968841620154,0.8354000704884159,0.8334506367331169,0.8321712821806114,0.8317091363150355,0.8322396252311386,0.8339706119667722,0.837146853695022,0.8420551220653695,0.8490309542667991,0.8584689456076935,0.8708393279758293,0.8867126563281293,0.9067871855774685,0.9318889815776071,0.9628486565972502,1.0
4.75,1.0,0.9937113967900292,0.9888820553403086,0.9843088529978057,0.9798241569843211,0.9753843164191788,0.9709746269889256,0.9665893356169775,0.9622259408905518,0.9578832559151639,0.9535606693243848,0.9492578400385878,0.944974564891959,0.9407107212756325,0.9364662457939104,0.9322411331874925,0.9280354498559461,0.9238493612443286,0.9196831752495105,0.9155374059254113,0.9114128636680321,0.9073107799669848,0.9032329767865326,0.8991820926540286,0.8951618794813218,0.8911775858600929,0.8872364438502429,0.8833482769130222,0.8795262464792721,0.8757877536985904,0.8721555114934973,0.8686588009092093,0.865334926285608,0.8622308880542573,0.8594053025948454,0.8569306181503962,0.8548957055203416,0.8534089395792004,0.8526019225319099,0.8526340096915673,0.8536977438332725,0.8560251280439957,0.8598943102068307,0.8656357046113827,0.8736360087057885,0.88433863516329,0.8982415170004245,0.9159021175524118,0.9379834781716858,0.9654318476261374,1.0
4.800000000000001,1.0,0.9951147444770554,0.9912414327084611,0.9875292236224155,0.9838692815013924,0.9802355943613021,0.9766201040349034,0.9730198960296723,0.9694337885132438,0.9658612508854101,0.9623020183511736,0.9587559425609389,0.9552229303694844,0.9517029183744374,0.9481958635035178,0.9447017421062807,0.9412205550420538,0.9377523386830051,0.9342971832627001,0.9308552612911503,0.9274268701530259,0.9240124946886757,0.920612897647829,0.9172292484855036,0.9138633040808442,0.9105176585864551,0.9071960836548447,0.9039039845104494,0.9006490013429533,0.8974417886886757,0.8942970070237957,0.8912345597240201,0.8882811038265885,0.8854718539173412,0.8828526850522458,0.8804825247439922,0.8784360105764457,0.8768063885194453,0.8757086534231646,0.8752830104885732,0.8756988925327512,0.8771600254160401,0.8799113852521712,0.8842492402569255,0.8905355167049676,0.8992167411650822,0.9108442091258184,0.9260826291809625,0.9456731806264367,0.9702723811903529,1.0
4.8500000000000005,1.0,0.9964637023246316,0.9935488653875976,0.9907200689542842,0.9879171003442255,0.9851272659429646,0.9823470562564587,0.9795753219404946,0.9768116335005483,0.9740558087321448,0.971307758416234,0.9685674310480651,0.9658347916643653,0.963109813478607,0.960392474824171,0.9576827586975201,0.9549806540473347,0.9522861588134204,0.9495992852690495,0.9469200687436294,0.9442485814479565,0.9415849540048756,0.9389294085194546,0.9362823087399905,0.9336442352272651,0.9310160966572667,0.9283992926493403,0.9257959490625968,0.9232092537376255,0.9206439292914559,0.9181068897311502,0.9156081389339372,0.9131619805050587,0.9107886183997567,0.9085162330473122,0.90638361408406,0.9044434119598382,0.9027660287544905,0.9014440950254331,0.9005973681437868,0.9003777407896626,0.9009738901714405,0.9026149994922505,0.9055731044826592,0.9101642900266238,0.9167508194290177,0.9257504862830145,0.937668105710296,0.9531806945099629,0.9733386200088079,1.0
4.9,1.0,0.9977427128780157,0.9957892105616725,0.9938696480542415,0.9919595310395364,0.9900545227765867,0.9881535827757492,0.9862564071931132,0.9843628918144642,0.9824729943693777,0.9805866938896538,0.9787039773769295,0.9768248350661811,0.974949258660729,0.9730772407007333,0.9712087744401352,0.9693438540416642,0.9674824750887121,0.9656246355336604,0.9637703373256463,0.9619195891279305,0.960072410784436,0.9582288405750794,0.9563889468780334,0.9545528467311716,0.9527207350935354,0.9508929305471322,0.9490699460236587,0.947252597265698,0.945442167642887,0.9436406563036859,0.9418511482956414,0.9400783612569491,0.9383294447369244,0.9366151363242122,0.9349514144578235,0.9333618311338661,0.9318807568729335,0.9305578197023844,0.9294638570324643,0.9286986994376194,0.9284010228513322,0.9287602599584017,0.9300300147328032,0.9325413456658151,0.9367122951456537,0.943046533559123,0.9521079815534323,0.9644482321691024,0.9804471062664075,1.0
4.95,1.0,0.9989312747180532,0.9979452927633311,0.9969663092710253,0.9959892041922724,0.9950132403768764,0.9940382666130889,0.9930642437254764,0.9920911592900282,0.9911190083472532,0.9901477882805213,0.9891774972817241,0.9882081338470068,0.9872396966002275,0.9862721842316768,0.9853055954840846,0.9843399291657722,0.9833751841901666,0.9824113596528607,0.9814484549701821,0.9804864701217937,0.979525406069538,0.9785652654731244,0.977606053902127,0.976647781871647,0.9756904682351348,0.974734145798209,0.9737788705436523,0.9728247366917806,0.9718719011351094,0.9709206228483163,0.9699713260933865,0.9690247012414338,0.9680818647702936,0.9671446119167211,0.9662158137499051,0.9653000383817223,0.9644045185816155,0.963540652615944,0.9627263227141697,0.961989462579745,0.9613735261295993,0.9609458401109034,0.9608103164013553,0.9611267335610209,0.9621398858145804,0.9642235081979432,0.9679462628927558,0.9741705686277387,0.9842001876876002,1.0
5.0,1.0,1.0,1.0,1.0,1.0,1.0,1.0,1.0,1.0,1.0,1.0,1.0,1.0,1.0,1.0,1.0,1.0,1.0,1.0,1.0,1.0,1.0,1.0,1.0,1.0,1.0,1.0,1.0,1.0,1.0,1.0,1.0,1.0,1.0,1.0,1.0,1.0,1.0,1.0,1.0,1.0,1.0,1.0,1.0,1.0,1.0,1.0,1.0,1.0,1.0,1.0
